Raters,Set,Emotion,Stimulus,Accuracy,Shared
Online,Emoji,Angry,angry_emoji,0.93258427,0
Live,CAFE,Angry,angry_F-AA-01,0.62,0
Live,CAFE,Angry,angry_F-AA-02,0.81,1
Online,CAFE,Angry,angry_F-AA-02,0.5,1
Live,CAFE,Angry,angry_F-AA-03,0.89,0
Live,CAFE,Angry,angry_F-AA-05,0.27,0
Live,CAFE,Angry,angry_F-AA-06,0.63,0
Live,CAFE,Angry,angry_F-AA-07,0.33,0
Live,CAFE,Angry,angry_F-AA-08,0.31,0
Live,CAFE,Angry,angry_F-AA-09,0.78,1
Online,CAFE,Angry,angry_F-AA-09,0.571428571,1
Live,CAFE,Angry,angry_F-AA-10,0.47,0
Live,CAFE,Angry,angry_F-AA-11,0.83,0
Live,CAFE,Angry,angry_F-AA-12,0.08,0
Live,CAFE,Angry,angry_F-AA-13,0.88,0
Live,CAFE,Angry,angry_F-AA-14,0.53,1
Online,CAFE,Angry,angry_F-AA-14,0.555555556,1
Live,CAFE,Angry,angry_F-AA-15,0.3,0
Live,CAFE,Angry,angry_F-AA-16,0.66,0
Live,CAFE,Angry,angry_F-AS-01,0.4,0
Live,CAFE,Angry,angry_F-AS-02,0.12,0
Live,CAFE,Angry,angry_F-AS-03,0.72,0
Live,CAFE,Angry,angry_F-AS-04,0.12,0
Live,CAFE,Angry,angry_F-AS-05,0.84,0
Live,CAFE,Angry,angry_F-AS-07,0.91,1
Online,CAFE,Angry,angry_F-AS-07,1,1
Live,CAFE,Angry,angry_F-AS-08,0.74,0
Live,CAFE,Angry,angry_F-AS-09,0.35,0
Live,CAFE,Angry,angry_F-EA-01,0.94,1
Online,CAFE,Angry,angry_F-EA-01,0.909090909,1
Live,CAFE,Angry,angry_F-EA-02,0.87,0
Live,CAFE,Angry,angry_F-EA-03,0.91,1
Online,CAFE,Angry,angry_F-EA-03,1,1
Live,CAFE,Angry,angry_F-EA-04,0.84,0
Live,CAFE,Angry,angry_F-EA-07,0.86,0
Live,CAFE,Angry,angry_F-EA-08,0.29,0
Live,CAFE,Angry,angry_F-EA-10,0.76,0
Live,CAFE,Angry,angry_F-EA-12,0.85,0
Live,CAFE,Angry,angry_F-EA-13,0.9,1
Online,CAFE,Angry,angry_F-EA-13,1,1
Live,CAFE,Angry,angry_F-EA-15,0.31,0
Live,CAFE,Angry,angry_F-EA-16,0.7,0
Live,CAFE,Angry,angry_F-EA-17,0.23,0
Live,CAFE,Angry,angry_F-EA-18,0.89,0
Live,CAFE,Angry,angry_F-EA-19,0.4,0
Live,CAFE,Angry,angry_F-EA-21,0.89,0
Live,CAFE,Angry,angry_F-EA-22,0.87,0
Live,CAFE,Angry,angry_F-EA-23,0.4,0
Live,CAFE,Angry,angry_F-EA-24,0.86,0
Live,CAFE,Angry,angry_F-EA-25,0.8,1
Online,CAFE,Angry,angry_F-EA-25,0.888888889,1
Live,CAFE,Angry,angry_F-EA-26,0.87,0
Live,CAFE,Angry,angry_F-EA-27,0.65,0
Live,CAFE,Angry,angry_F-EA-28,0.9,1
Online,CAFE,Angry,angry_F-EA-28,0.6,1
Live,CAFE,Angry,angry_F-EA-29,0.81,1
Online,CAFE,Angry,angry_F-EA-29,0.857142857,1
Live,CAFE,Angry,angry_F-EA-30,0.43,0
Live,CAFE,Angry,angry_F-EA-31,0.7,0
Live,CAFE,Angry,angry_F-EA-32,0.87,0
Live,CAFE,Angry,angry_F-EA-33,0.86,0
Live,CAFE,Angry,angry_F-EA-34,0.19,0
Live,CAFE,Angry,angry_F-EA-36,0.62,0
Live,CAFE,Angry,angry_F-EA-38,0.41,0
Live,CAFE,Angry,angry_F-EA-39,0.61,0
Live,CAFE,Angry,angry_F-EA-41,0.92,1
Online,CAFE,Angry,angry_F-EA-41,0.666666667,1
Live,CAFE,Angry,angry_F-LA-01,0.53,1
Online,CAFE,Angry,angry_F-LA-01,0.6875,1
Live,CAFE,Angry,angry_F-LA-02,0.78,1
Online,CAFE,Angry,angry_F-LA-02,0.2,1
Live,CAFE,Angry,angry_F-LA-03,0.87,0
Live,CAFE,Angry,angry_F-LA-04,0.72,0
Live,CAFE,Angry,angry_F-LA-05,0.64,0
Live,CAFE,Angry,angry_F-LA-12,0.77,0
Live,CAFE,Angry,angry_F-LA-13,0.53,1
Online,CAFE,Angry,angry_F-LA-13,0.555555556,1
Live,CAFE,Angry,angry_F-PI-01,0.87,0
Live,CAFE,Angry,angry_F-SA-01,0.91,1
Online,CAFE,Angry,angry_F-SA-01,0.8125,1
Live,CAFE,Angry,angry_F-SA-02,0.25,0
Live,CAFE,Angry,angry_F-SA-03,0.5,1
Online,CAFE,Angry,angry_F-SA-03,0.571428571,1
Live,CAFE,Angry,angry_F-SA-04,0.77,0
Live,CAFE,Angry,angry_F-SA-05,0.91,1
Online,CAFE,Angry,angry_F-SA-05,0.888888889,1
Live,CAFE,Angry,angry_F-SA-06,0.21,0
Live,CAFE,Angry,angry_F-SA-07,0.03,0
Live,CAFE,Angry,angry_F-SA-08,0.76,0
Live,CAFE,Angry,angry_F-SA-09,0.17,0
Live,CAFE,Angry,angry_F-SA-10,0.69,0
Live,CAFE,Angry,angry_M-AA-01,0.76,0
Live,CAFE,Angry,angry_M-AA-03,0.25,0
Live,CAFE,Angry,angry_M-AA-04,0.83,0
Live,CAFE,Angry,angry_M-AA-05,0.81,1
Online,CAFE,Angry,angry_M-AA-05,1,1
Live,CAFE,Angry,angry_M-AA-06,0.59,1
Online,CAFE,Angry,angry_M-AA-06,0.666666667,1
Live,CAFE,Angry,angry_M-AA-07,0.88,0
Live,CAFE,Angry,angry_M-AA-08,0.93,1
Online,CAFE,Angry,angry_M-AA-08,1,1
Live,CAFE,Angry,angry_M-AA-09,0.88,0
Live,CAFE,Angry,angry_M-AA-11,0.29,0
Live,CAFE,Angry,angry_M-AS-01,0.3,0
Live,CAFE,Angry,angry_M-AS-02,0.82,0
Live,CAFE,Angry,angry_M-AS-04,0.7,0
Live,CAFE,Angry,angry_M-AS-06,0.47,0
Live,CAFE,Angry,angry_M-AS-07,0.36,0
Live,CAFE,Angry,angry_M-EA-02,0.92,1
Online,CAFE,Angry,angry_M-EA-02,0.833333333,1
Live,CAFE,Angry,angry_M-EA-04,0.74,0
Live,CAFE,Angry,angry_M-EA-05,0.66,0
Live,CAFE,Angry,angry_M-EA-06,0.93,1
Online,CAFE,Angry,angry_M-EA-06,0.857142857,1
Live,CAFE,Angry,angry_M-EA-06b-2,0.61,0
Live,CAFE,Angry,angry_M-EA-07,0.81,1
Online,CAFE,Angry,angry_M-EA-07,0.909090909,1
Live,CAFE,Angry,angry_M-EA-08,0.95,1
Online,CAFE,Angry,angry_M-EA-08,1,1
Live,CAFE,Angry,angry_M-EA-09,0.92,1
Online,CAFE,Angry,angry_M-EA-09,0.666666667,1
Live,CAFE,Angry,angry_M-EA-10,0.73,0
Live,CAFE,Angry,angry_M-EA-11,0.86,0
Live,CAFE,Angry,angry_M-EA-12,0.63,0
Live,CAFE,Angry,angry_M-EA-13,0.86,0
Live,CAFE,Angry,angry_M-EA-14,0.41,0
Live,CAFE,Angry,angry_M-EA-18,0.8,1
Online,CAFE,Angry,angry_M-EA-18,0.6875,1
Live,CAFE,Angry,angry_M-EA-19,0.35,0
Live,CAFE,Angry,angry_M-EA-20,0.24,0
Live,CAFE,Angry,angry_M-EA-21,0.65,0
Live,CAFE,Angry,angry_M-EA-23,0.66,0
Live,CAFE,Angry,angry_M-EA-25,0.84,0
Live,CAFE,Angry,angry_M-EA-26,0.9,1
Online,CAFE,Angry,angry_M-EA-26,0.714285714,1
Live,CAFE,Angry,angry_M-EA-27,0.77,0
Live,CAFE,Angry,angry_M-EA-29,0.14,0
Live,CAFE,Angry,angry_M-EA-30,0.76,0
Live,CAFE,Angry,angry_M-EA-34,0.86,0
Live,CAFE,Angry,angry_M-EA-35,0.84,0
Live,CAFE,Angry,angry_M-EA-37,0.8,1
Online,CAFE,Angry,angry_M-EA-37,0.777777778,1
Live,CAFE,Angry,angry_M-EA-38,0.92,1
Online,CAFE,Angry,angry_M-EA-38,0.666666667,1
Live,CAFE,Angry,angry_M-LA-02,0.88,0
Live,CAFE,Angry,angry_M-LA-03,0.85,0
Live,CAFE,Angry,angry_M-LA-04,0.43,0
Live,CAFE,Angry,angry_M-LA-06,0.48,1
Online,CAFE,Angry,angry_M-LA-06,0.5,1
Live,CAFE,Angry,angry_M-LA-08,0.82,0
Live,CAFE,Angry,angry_M-LA-09,0.81,1
Online,CAFE,Angry,angry_M-LA-09,0.666666667,1
Live,CAFE,Angry,angry_M-LA-10,0.79,1
Online,CAFE,Angry,angry_M-LA-10,0.571428571,1
Online,Google,Angry,angry10,0.5,0
Online,Google,Angry,angry100,0.818181818,0
Online,Google,Angry,angry11,1,0
Online,Google,Angry,angry12,0.833333333,0
Online,Google,Angry,angry13,0.777777778,0
Online,Google,Angry,angry14,0.5,0
Online,Google,Angry,angry15,1,0
Online,Google,Angry,angry16,0.8,0
Online,Google,Angry,angry17,0.909090909,0
Online,Google,Angry,angry18,1,0
Online,Google,Angry,angry19,0.5,0
Online,Google,Angry,angry20,0.666666667,0
Online,Google,Angry,angry21,0.909090909,0
Online,Google,Angry,angry23,0.8,0
Online,Google,Angry,angry24,0.222222222,0
Online,Google,Angry,angry25,0.818181818,0
Online,Google,Angry,angry26,0.75,0
Online,Google,Angry,angry27,0.714285714,0
Online,Google,Angry,angry28,0.857142857,0
Online,Google,Angry,angry29,0.285714286,0
Online,Google,Angry,angry3,0.333333333,0
Online,Google,Angry,angry30,0.9,0
Online,Google,Angry,angry31,1,0
Online,Google,Angry,angry33,0.6875,0
Online,Google,Angry,angry34,0.555555556,0
Online,Google,Angry,angry35,0.5,0
Online,Google,Angry,angry36,0.857142857,0
Online,Google,Angry,angry37,0.888888889,0
Online,Google,Angry,angry38,0.857142857,0
Online,Google,Angry,angry39,1,0
Online,Google,Angry,angry4,0.818181818,0
Online,Google,Angry,angry41,1,0
Online,Google,Angry,angry42,0.888888889,0
Online,Google,Angry,angry43,0.8,0
Online,Google,Angry,angry44,0.6875,0
Online,Google,Angry,angry45,0.8125,0
Online,Google,Angry,angry46,0.666666667,0
Online,Google,Angry,angry47,0.714285714,0
Online,Google,Angry,angry48,1,0
Online,Google,Angry,angry49,0.9,0
Online,Google,Angry,angry5,0.777777778,0
Online,Google,Angry,angry50,0.875,0
Online,Google,Angry,angry51,0.666666667,0
Online,Google,Angry,angry52,0.166666667,0
Online,Google,Angry,angry53,0.333333333,0
Online,Google,Angry,angry54,0.714285714,0
Online,Google,Angry,angry55,1,0
Online,Google,Angry,angry56,0.4375,0
Online,Google,Angry,angry57,0.714285714,0
Online,Google,Angry,angry59,1,0
Online,Google,Angry,angry6,1,0
Online,Google,Angry,angry60,0.714285714,0
Online,Google,Angry,angry61,0.888888889,0
Online,Google,Angry,angry62,0.25,0
Online,Google,Angry,angry63,0,0
Online,Google,Angry,angry64,0.222222222,0
Online,Google,Angry,angry65,0.666666667,0
Online,Google,Angry,angry66,0.142857143,0
Online,Google,Angry,angry67,0.375,0
Online,Google,Angry,angry68,0.857142857,0
Online,Google,Angry,angry69,1,0
Online,Google,Angry,angry7,0.833333333,0
Online,Google,Angry,angry72,0.75,0
Online,Google,Angry,angry74,0.4375,0
Online,Google,Angry,angry75,0.888888889,0
Online,Google,Angry,angry77,1,0
Online,Google,Angry,angry78,0.666666667,0
Online,Google,Angry,angry79,0.714285714,0
Online,Google,Angry,angry8,0.625,0
Online,Google,Angry,angry80,0.6,0
Online,Google,Angry,angry82,0.571428571,0
Online,Google,Angry,angry84,0.285714286,0
Online,Google,Angry,angry85,0.454545455,0
Online,Google,Angry,angry86,0.833333333,0
Online,Google,Angry,angry87,1,0
Online,Google,Angry,angry88,1,0
Online,Google,Angry,angry89,1,0
Online,Google,Angry,angry9,0.6875,0
Online,Google,Angry,angry90,1,0
Online,Google,Angry,angry93,0.625,0
Online,Google,Angry,angry94,1,0
Online,Google,Angry,angry95,0.375,0
Online,Google,Angry,angry96,0.909090909,0
Online,Google,Angry,angry97,0.857142857,0
Online,Google,Angry,angry98,0.272727273,0
Online,Google,Angry,angry99,0.875,0
Live,CAFE,Angry,angryopen_F-AA-01,0.68,0
Live,CAFE,Angry,angryopen_F-AA-02,0.8,1
Online,CAFE,Angry,angryopen_F-AA-02,0.875,1
Live,CAFE,Angry,angryopen_F-AA-03,0.16,0
Live,CAFE,Angry,angryopen_F-AA-06,0.65,0
Live,CAFE,Angry,angryopen_F-AA-08,0.43,0
Live,CAFE,Angry,angryopen_F-AA-09,0.85,0
Live,CAFE,Angry,angryopen_F-AA-11,0.9,1
Online,CAFE,Angry,angryopen_F-AA-11,0.5,1
Live,CAFE,Angry,angryopen_F-AA-12,0.55,1
Online,CAFE,Angry,angryopen_F-AA-12,0.333333333,1
Live,CAFE,Angry,angryopen_F-AA-13,0.69,0
Live,CAFE,Angry,angryopen_F-AA-14,0.24,0
Live,CAFE,Angry,angryopen_F-AA-15,0.29,0
Live,CAFE,Angry,angryopen_F-AA-16,0.87,0
Live,CAFE,Angry,angryopen_F-AS-03,0.78,1
Online,CAFE,Angry,angryopen_F-AS-03,0.6,1
Live,CAFE,Angry,angryopen_F-AS-04,0.43,0
Live,CAFE,Angry,angryopen_F-AS-05,0.88,0
Live,CAFE,Angry,angryopen_F-AS-07,0.86,0
Live,CAFE,Angry,angryopen_F-AS-08,0.13,0
Live,CAFE,Angry,angryopen_F-AS-09,0.43,0
Live,CAFE,Angry,angryopen_F-EA-03,0.91,1
Online,CAFE,Angry,angryopen_F-EA-03,0.875,1
Live,CAFE,Angry,angryopen_F-EA-07,0.91,1
Online,CAFE,Angry,angryopen_F-EA-07,0.875,1
Live,CAFE,Angry,angryopen_F-EA-13,0.8,1
Online,CAFE,Angry,angryopen_F-EA-13,0.875,1
Live,CAFE,Angry,angryopen_F-EA-14,0.66,0
Live,CAFE,Angry,angryopen_F-EA-16,0.89,0
Live,CAFE,Angry,angryopen_F-EA-18,0.25,0
Live,CAFE,Angry,angryopen_F-EA-19b,0.34,0
Live,CAFE,Angry,angryopen_F-EA-21,0.5,1
Online,CAFE,Angry,angryopen_F-EA-21,0.4,1
Live,CAFE,Angry,angryopen_F-EA-22,0.83,0
Live,CAFE,Angry,angryopen_F-EA-23,0.73,0
Live,CAFE,Angry,angryopen_F-EA-24,0.86,0
Live,CAFE,Angry,angryopen_F-EA-26,0.91,1
Online,CAFE,Angry,angryopen_F-EA-26,1,1
Live,CAFE,Angry,angryopen_F-EA-28,0.74,0
Live,CAFE,Angry,angryopen_F-EA-31,0.76,0
Live,CAFE,Angry,angryopen_F-EA-32,0.84,0
Live,CAFE,Angry,angryopen_F-EA-33,0.52,1
Online,CAFE,Angry,angryopen_F-EA-33,0.625,1
Live,CAFE,Angry,angryopen_F-EA-34,0.73,0
Live,CAFE,Angry,angryopen_F-EA-36,0.85,0
Live,CAFE,Angry,angryopen_F-EA-38,0.23,0
Live,CAFE,Angry,angryopen_F-EA-39,0.31,0
Live,CAFE,Angry,angryopen_F-EA-41,0.88,0
Live,CAFE,Angry,angryopen_F-EA-42,0.54,1
Online,CAFE,Angry,angryopen_F-EA-42,0.625,1
Live,CAFE,Angry,angryopen_F-LA-01,0.52,1
Online,CAFE,Angry,angryopen_F-LA-01,0.428571429,1
Live,CAFE,Angry,angryopen_F-LA-02,0.6,1
Online,CAFE,Angry,angryopen_F-LA-02,0.571428571,1
Live,CAFE,Angry,angryopen_F-LA-03,0.88,0
Live,CAFE,Angry,angryopen_F-LA-04,0.75,0
Live,CAFE,Angry,angryopen_F-LA-05,0.77,0
Live,CAFE,Angry,angryopen_F-LA-10,0.69,0
Live,CAFE,Angry,angryopen_F-LA-12,0.65,0
Live,CAFE,Angry,angryopen_F-LA-13,0.37,0
Live,CAFE,Angry,angryopen_F-PI-01,0.85,0
Live,CAFE,Angry,angryopen_F-SA-01,0.82,0
Live,CAFE,Angry,angryopen_F-SA-02,0.44,0
Live,CAFE,Angry,angryopen_F-SA-03,0.44,0
Live,CAFE,Angry,angryopen_F-SA-04,0.89,0
Live,CAFE,Angry,angryopen_F-SA-05,0.65,0
Live,CAFE,Angry,angryopen_F-SA-08,0.61,1
Online,CAFE,Angry,angryopen_F-SA-08,0.454545455,1
Live,CAFE,Angry,angryopen_F-SA-10,0.59,1
Online,CAFE,Angry,angryopen_F-SA-10,0.333333333,1
Live,CAFE,Angry,angryopen_M-AA-02,0.54,1
Online,CAFE,Angry,angryopen_M-AA-02,0.666666667,1
Live,CAFE,Angry,angryopen_M-AA-03,0.47,0
Live,CAFE,Angry,angryopen_M-AA-04,0.81,1
Online,CAFE,Angry,angryopen_M-AA-04,0.833333333,1
Live,CAFE,Angry,angryopen_M-AA-05,0.74,0
Live,CAFE,Angry,angryopen_M-AA-08,0.77,0
Live,CAFE,Angry,angryopen_M-AA-09,0.43,0
Live,CAFE,Angry,angryopen_M-AS-02,0.84,0
Live,CAFE,Angry,angryopen_M-AS-06,0.81,1
Online,CAFE,Angry,angryopen_M-AS-06,0.909090909,1
Live,CAFE,Angry,angryopen_M-EA-06b,0.8,1
Online,CAFE,Angry,angryopen_M-EA-06b,0.666666667,1
Live,CAFE,Angry,angryopen_M-EA-08,0.71,0
Live,CAFE,Angry,angryopen_M-EA-09,0.91,1
Online,CAFE,Angry,angryopen_M-EA-09,0.8125,1
Live,CAFE,Angry,angryopen_M-EA-10,0.52,1
Online,CAFE,Angry,angryopen_M-EA-10,0.375,1
Live,CAFE,Angry,angryopen_M-EA-11,0.66,0
Live,CAFE,Angry,angryopen_M-EA-21,0.81,1
Online,CAFE,Angry,angryopen_M-EA-21,0.666666667,1
Live,CAFE,Angry,angryopen_M-EA-24,0.83,0
Live,CAFE,Angry,angryopen_M-EA-25,0.85,0
Live,CAFE,Angry,angryopen_M-EA-27,0.8,1
Online,CAFE,Angry,angryopen_M-EA-27,0.777777778,1
Live,CAFE,Angry,angryopen_M-EA-30,0.8,1
Online,CAFE,Angry,angryopen_M-EA-30,0.75,1
Live,CAFE,Angry,angryopen_M-EA-34,0.62,0
Live,CAFE,Angry,angryopen_M-EA-35,0.6,1
Online,CAFE,Angry,angryopen_M-EA-35,0.5,1
Live,CAFE,Angry,angryopen_M-EA-37,0.55,1
Online,CAFE,Angry,angryopen_M-EA-37,0.333333333,1
Live,CAFE,Angry,angryopen_M-EA-38,0.83,0
Live,CAFE,Angry,angryopen_M-LA-02,0.73,0
Live,CAFE,Angry,angryopen_M-LA-03,0.87,0
Live,CAFE,Angry,angryopen_M-LA-04,0.23,0
Live,CAFE,Angry,angryopen_M-LA-08,0.6,1
Online,CAFE,Angry,angryopen_M-LA-08,0.428571429,1
Live,CAFE,Angry,angryopen_M-LA-09,0.72,0
Live,CAFE,Angry,angryopen_M-LA-10,0.7,0
Online,Google,Neutral,calm1,0.666666667,0
Online,Google,Neutral,calm10,0.727272727,0
Online,Google,Neutral,calm15,0.142857143,0
Online,Google,Neutral,calm16,0.857142857,0
Online,Google,Neutral,calm2,1,0
Online,Google,Neutral,calm29,0.875,0
Online,Google,Neutral,calm3,0.333333333,0
Online,Google,Neutral,calm30,0.5625,0
Online,Google,Neutral,calm31,0.818181818,0
Online,Google,Neutral,calm32,0.818181818,0
Online,Google,Neutral,calm33,0.571428571,0
Online,Google,Neutral,calm34,0.285714286,0
Online,Google,Neutral,calm36,1,0
Online,Google,Neutral,calm37,0.1875,0
Online,Google,Neutral,calm38,0.8,0
Online,Google,Neutral,calm4,0.545454545,0
Online,Google,Neutral,calm5,0.4,0
Online,Google,Neutral,calm55,0.666666667,0
Online,Google,Neutral,calm56,0.75,0
Online,Google,Neutral,calm60,1,0
Online,Google,Neutral,calm61,0.714285714,0
Online,Google,Neutral,calm63,0.8125,0
Online,Google,Neutral,calm65,0.777777778,0
Online,Google,Neutral,calm66,0.857142857,0
Online,Google,Neutral,calm67,0.666666667,0
Online,Google,Neutral,calm68,0.444444444,0
Online,Google,Neutral,calm69,0.333333333,0
Online,Google,Neutral,calm70,1,0
Online,Google,Neutral,calm8,0.666666667,0
Online,Emoji,Disgust,disgust_emoji,0.426966292,0
Live,CAFE,Disgust,disgust_F-AA-01,0.86,1
Online,CAFE,Disgust,disgust_F-AA-01,0.714285714,1
Live,CAFE,Disgust,disgust_F-AA-02,0.43,0
Live,CAFE,Disgust,disgust_F-AA-03,0.41,0
Live,CAFE,Disgust,disgust_F-AA-04,0.61,0
Live,CAFE,Disgust,disgust_F-AA-07,0.48,0
Live,CAFE,Disgust,disgust_F-AA-08,0.47,0
Live,CAFE,Disgust,disgust_F-AA-09,0.71,1
Online,CAFE,Disgust,disgust_F-AA-09,0.6,1
Live,CAFE,Disgust,disgust_F-AA-10,0.68,0
Live,CAFE,Disgust,disgust_F-AA-10-2,0.46,0
Live,CAFE,Disgust,disgust_F-AA-11,0.32,0
Live,CAFE,Disgust,disgust_F-AA-12,0.61,0
Live,CAFE,Disgust,disgust_F-AA-14,0.74,1
Online,CAFE,Disgust,disgust_F-AA-14,0.636363636,1
Live,CAFE,Disgust,disgust_F-AA-15,0.86,1
Online,CAFE,Disgust,disgust_F-AA-15,0.6,1
Live,CAFE,Disgust,disgust_F-AA-16,0.68,0
Live,CAFE,Disgust,disgust_F-AS-01,0.44,0
Live,CAFE,Disgust,disgust_F-AS-02,0.84,1
Online,CAFE,Disgust,disgust_F-AS-02,0.5,1
Live,CAFE,Disgust,disgust_F-AS-03,0.92,1
Online,CAFE,Disgust,disgust_F-AS-03,0.833333333,1
Live,CAFE,Disgust,disgust_F-AS-05,0.64,0
Live,CAFE,Disgust,disgust_F-AS-07,0.8,0
Live,CAFE,Disgust,disgust_F-AS-08,0.64,0
Live,CAFE,Disgust,disgust_F-AS-09,0.52,1
Online,CAFE,Disgust,disgust_F-AS-09,0.4,1
Live,CAFE,Disgust,disgust_F-EA-01,0.3,0
Live,CAFE,Disgust,disgust_F-EA-02,0.3,0
Live,CAFE,Disgust,disgust_F-EA-03,0.28,0
Live,CAFE,Disgust,disgust_F-EA-14,0.55,1
Online,CAFE,Disgust,disgust_F-EA-14,0.888888889,1
Live,CAFE,Disgust,disgust_F-EA-15,0.8,0
Live,CAFE,Disgust,disgust_F-EA-16,0.31,0
Live,CAFE,Disgust,disgust_F-EA-20,0.54,1
Online,CAFE,Disgust,disgust_F-EA-20,0.25,1
Live,CAFE,Disgust,disgust_F-EA-22,0.72,1
Online,CAFE,Disgust,disgust_F-EA-22,0.444444444,1
Live,CAFE,Disgust,disgust_F-EA-23,0.63,0
Live,CAFE,Disgust,disgust_F-EA-24,0.69,0
Live,CAFE,Disgust,disgust_F-EA-25,0.92,1
Online,CAFE,Disgust,disgust_F-EA-25,1,1
Live,CAFE,Disgust,disgust_F-EA-28,0.73,1
Online,CAFE,Disgust,disgust_F-EA-28,0.5,1
Live,CAFE,Disgust,disgust_F-EA-29,0.4,0
Live,CAFE,Disgust,disgust_F-EA-30,0.39,0
Live,CAFE,Disgust,disgust_F-EA-31,0.51,0
Live,CAFE,Disgust,disgust_F-EA-33,0.68,0
Live,CAFE,Disgust,disgust_F-EA-34,0.5,0
Live,CAFE,Disgust,disgust_F-EA-36,0.6,0
Live,CAFE,Disgust,disgust_F-EA-37,0.88,1
Online,CAFE,Disgust,disgust_F-EA-37,0.888888889,1
Live,CAFE,Disgust,disgust_F-EA-39,0.66,0
Live,CAFE,Disgust,disgust_F-EA-40,0.86,1
Online,CAFE,Disgust,disgust_F-EA-40,0.714285714,1
Live,CAFE,Disgust,disgust_F-EA-42,0.26,0
Live,CAFE,Disgust,disgust_F-LA-01,0.86,1
Online,CAFE,Disgust,disgust_F-LA-01,0.5,1
Live,CAFE,Disgust,disgust_F-LA-02,0.62,0
Live,CAFE,Disgust,disgust_F-LA-03,0.56,1
Online,CAFE,Disgust,disgust_F-LA-03,0.375,1
Live,CAFE,Disgust,disgust_F-LA-04,0.49,0
Live,CAFE,Disgust,disgust_F-LA-05,0.47,0
Live,CAFE,Disgust,disgust_F-LA-10,0.68,0
Live,CAFE,Disgust,disgust_F-LA-11,0.53,1
Online,CAFE,Disgust,disgust_F-LA-11,0.571428571,1
Live,CAFE,Disgust,disgust_F-LA-12,0.28,0
Live,CAFE,Disgust,disgust_F-LA-13,0.82,0
Live,CAFE,Disgust,disgust_F-PI-01,0.44,0
Live,CAFE,Disgust,disgust_F-SA-02,0.76,0
Live,CAFE,Disgust,disgust_F-SA-03,0.57,1
Online,CAFE,Disgust,disgust_F-SA-03,0.777777778,1
Live,CAFE,Disgust,disgust_F-SA-04,0.35,0
Live,CAFE,Disgust,disgust_F-SA-05,0.59,1
Online,CAFE,Disgust,disgust_F-SA-05,0.666666667,1
Live,CAFE,Disgust,disgust_F-SA-06,0.54,1
Online,CAFE,Disgust,disgust_F-SA-06,0.857142857,1
Live,CAFE,Disgust,disgust_F-SA-07,0.33,0
Live,CAFE,Disgust,disgust_F-SA-08,0.73,1
Online,CAFE,Disgust,disgust_F-SA-08,0.833333333,1
Live,CAFE,Disgust,disgust_F-SA-09,0.11,0
Live,CAFE,Disgust,disgust_F-SA-10,0.55,1
Online,CAFE,Disgust,disgust_F-SA-10,0.555555556,1
Live,CAFE,Disgust,disgust_M-AA-03,0.63,0
Live,CAFE,Disgust,disgust_M-AA-04,0.23,0
Live,CAFE,Disgust,disgust_M-AA-05,0.72,1
Online,CAFE,Disgust,disgust_M-AA-05,0.5,1
Live,CAFE,Disgust,disgust_M-AA-07,0.52,1
Online,CAFE,Disgust,disgust_M-AA-07,0.4,1
Live,CAFE,Disgust,disgust_M-AA-08,0.26,0
Live,CAFE,Disgust,disgust_M-AA-09,0.25,0
Live,CAFE,Disgust,disgust_M-AA-10,0.31,0
Live,CAFE,Disgust,disgust_M-AA-11,0.73,1
Online,CAFE,Disgust,disgust_M-AA-11,0.857142857,1
Live,CAFE,Disgust,disgust_M-AA-11-2,0.84,0
Live,CAFE,Disgust,disgust_M-AS-01,0.68,0
Live,CAFE,Disgust,disgust_M-AS-03,0.71,0
Live,CAFE,Disgust,disgust_M-AS-05,0.39,0
Live,CAFE,Disgust,disgust_M-AS-06,0.7,0
Live,CAFE,Disgust,disgust_M-EA-02,0.72,1
Online,CAFE,Disgust,disgust_M-EA-02,0.857142857,1
Live,CAFE,Disgust,disgust_M-EA-04,0.14,0
Live,CAFE,Disgust,disgust_M-EA-06,0.51,0
Live,CAFE,Disgust,disgust_M-EA-09,0.72,1
Online,CAFE,Disgust,disgust_M-EA-09,0.666666667,1
Live,CAFE,Disgust,disgust_M-EA-10,0.21,0
Live,CAFE,Disgust,disgust_M-EA-11,0.25,0
Live,CAFE,Disgust,disgust_M-EA-12,0.3,0
Live,CAFE,Disgust,disgust_M-EA-21,0.6,0
Live,CAFE,Disgust,disgust_M-EA-25,0.73,1
Online,CAFE,Disgust,disgust_M-EA-25,0.428571429,1
Live,CAFE,Disgust,disgust_M-EA-26,0.33,0
Live,CAFE,Disgust,disgust_M-EA-30,0.59,1
Online,CAFE,Disgust,disgust_M-EA-30,0.714285714,1
Live,CAFE,Disgust,disgust_M-EA-34,0.59,1
Online,CAFE,Disgust,disgust_M-EA-34,0.428571429,1
Live,CAFE,Disgust,disgust_M-EA-35,0.41,0
Live,CAFE,Disgust,disgust_M-EA-36,0.37,0
Live,CAFE,Disgust,disgust_M-EA-38,0.3,0
Live,CAFE,Disgust,disgust_M-LA-02,0.55,1
Online,CAFE,Disgust,disgust_M-LA-02,0.4375,1
Live,CAFE,Disgust,disgust_M-LA-03,0.47,0
Live,CAFE,Disgust,disgust_M-LA-07,0.36,0
Live,CAFE,Disgust,disgust_M-LA-08,0.6,1
Online,CAFE,Disgust,disgust_M-LA-08,0.545454545,1
Live,CAFE,Disgust,disgust_M-LA-09,0.34,0
Live,CAFE,Disgust,disgust_M-LA-10,0.23,0
Online,Google,Disgust,disgust1,1,0
Online,Google,Disgust,disgust12,0.833333333,0
Online,Google,Disgust,disgust13,0,0
Online,Google,Disgust,disgust15,0.3,0
Online,Google,Disgust,disgust16,0.333333333,0
Online,Google,Disgust,disgust17,0.181818182,0
Online,Google,Disgust,disgust18,0.3,0
Online,Google,Disgust,disgust19,0.3,0
Online,Google,Disgust,disgust2,0.666666667,0
Online,Google,Disgust,disgust20,0.75,0
Online,Google,Disgust,disgust21,0,0
Online,Google,Disgust,disgust23,0.833333333,0
Online,Google,Disgust,disgust27,0.714285714,0
Online,Google,Disgust,disgust28,0.875,0
Online,Google,Disgust,disgust29,0.5,0
Online,Google,Disgust,disgust30,0.5625,0
Online,Google,Disgust,disgust31,0.666666667,0
Online,Google,Disgust,disgust32,0.666666667,0
Online,Google,Disgust,disgust33,1,0
Online,Google,Disgust,disgust34,0.625,0
Online,Google,Disgust,disgust35,0.285714286,0
Online,Google,Disgust,disgust37,0.571428571,0
Online,Google,Disgust,disgust39,0.333333333,0
Online,Google,Disgust,disgust4,0.777777778,0
Online,Google,Disgust,disgust40,0.5,0
Online,Google,Disgust,disgust41,0.545454545,0
Online,Google,Disgust,disgust42,0.428571429,0
Online,Google,Disgust,disgust43,0.454545455,0
Online,Google,Disgust,disgust44,0.222222222,0
Online,Google,Disgust,disgust45,0.625,0
Online,Google,Disgust,disgust46,0.5,0
Online,Google,Disgust,disgust47,0.090909091,0
Online,Google,Disgust,disgust48,0.5,0
Online,Google,Disgust,disgust5,0.375,0
Online,Google,Disgust,disgust6,1,0
Online,Google,Disgust,disgust8,0.714285714,0
Online,Google,Disgust,disgust9,0.5625,0
Live,CAFE,Disgust,disgustwithtongue_F-AA-01,0.78,0
Live,CAFE,Disgust,disgustwithtongue_F-AA-02,0.65,0
Live,CAFE,Disgust,disgustwithtongue_F-AA-03,0.77,0
Live,CAFE,Disgust,disgustwithtongue_F-AA-06,0.5,0
Live,CAFE,Disgust,disgustwithtongue_F-AA-08,0.72,1
Online,CAFE,Disgust,disgustwithtongue_F-AA-08,0.777777778,1
Live,CAFE,Disgust,disgustwithtongue_F-AA-09,0.78,0
Live,CAFE,Disgust,disgustwithtongue_F-AA-10,0.78,0
Live,CAFE,Disgust,disgustwithtongue_F-AA-11,0.74,0
Live,CAFE,Disgust,disgustwithtongue_F-AA-12,0.89,1
Online,CAFE,Disgust,disgustwithtongue_F-AA-12,0.666666667,1
Live,CAFE,Disgust,disgustwithtongue_F-AA-14,0.57,1
Online,CAFE,Disgust,disgustwithtongue_F-AA-14,0.555555556,1
Live,CAFE,Disgust,disgustwithtongue_F-AA-15,0.91,1
Online,CAFE,Disgust,disgustwithtongue_F-AA-15,0.666666667,1
Live,CAFE,Disgust,disgustwithtongue_F-AA-16,0.82,0
Live,CAFE,Disgust,disgustwithtongue_F-AS-01,0.51,0
Live,CAFE,Disgust,disgustwithtongue_F-AS-02,0.73,1
Online,CAFE,Disgust,disgustwithtongue_F-AS-02,0.666666667,1
Live,CAFE,Disgust,disgustwithtongue_F-AS-03,0.86,1
Online,CAFE,Disgust,disgustwithtongue_F-AS-03,0.625,1
Live,CAFE,Disgust,disgustwithtongue_F-AS-04,0.9,1
Online,CAFE,Disgust,disgustwithtongue_F-AS-04,1,1
Live,CAFE,Disgust,disgustwithtongue_F-AS-05,0.69,0
Live,CAFE,Disgust,disgustwithtongue_F-AS-06,0.42,0
Live,CAFE,Disgust,disgustwithtongue_F-AS-07,0.94,1
Online,CAFE,Disgust,disgustwithtongue_F-AS-07,0.909090909,1
Live,CAFE,Disgust,disgustwithtongue_F-AS-08,0.7,0
Live,CAFE,Disgust,disgustwithtongue_F-AS-09,0.72,1
Online,CAFE,Disgust,disgustwithtongue_F-AS-09,0.625,1
Live,CAFE,Disgust,disgustwithtongue_F-EA-03,0.59,1
Online,CAFE,Disgust,disgustwithtongue_F-EA-03,0.545454545,1
Live,CAFE,Disgust,disgustwithtongue_F-EA-04,0.64,0
Live,CAFE,Disgust,disgustwithtongue_F-EA-07,0.58,1
Online,CAFE,Disgust,disgustwithtongue_F-EA-07,1,1
Live,CAFE,Disgust,disgustwithtongue_F-EA-09,0.71,0
Live,CAFE,Disgust,disgustwithtongue_F-EA-14,0.79,0
Live,CAFE,Disgust,disgustwithtongue_F-EA-15,0.72,1
Online,CAFE,Disgust,disgustwithtongue_F-EA-15,0.714285714,1
Live,CAFE,Disgust,disgustwithtongue_F-EA-17,0.73,1
Online,CAFE,Disgust,disgustwithtongue_F-EA-17,0.666666667,1
Live,CAFE,Disgust,disgustwithtongue_F-EA-18,0.81,0
Live,CAFE,Disgust,disgustwithtongue_F-EA-22,0.79,0
Live,CAFE,Disgust,disgustwithtongue_F-EA-23,0.81,0
Live,CAFE,Disgust,disgustwithtongue_F-EA-24,0.83,0
Live,CAFE,Disgust,disgustwithtongue_F-EA-25,0.92,1
Online,CAFE,Disgust,disgustwithtongue_F-EA-25,1,1
Live,CAFE,Disgust,disgustwithtongue_F-EA-26,0.76,0
Live,CAFE,Disgust,disgustwithtongue_F-EA-27,0.8,0
Live,CAFE,Disgust,disgustwithtongue_F-EA-28,0.75,0
Live,CAFE,Disgust,disgustwithtongue_F-EA-30,0.76,0
Live,CAFE,Disgust,disgustwithtongue_F-EA-31,0.72,1
Online,CAFE,Disgust,disgustwithtongue_F-EA-31,0.5,1
Live,CAFE,Disgust,disgustwithtongue_F-EA-32,0.64,0
Live,CAFE,Disgust,disgustwithtongue_F-EA-33,0.68,0
Live,CAFE,Disgust,disgustwithtongue_F-EA-36,0.83,0
Live,CAFE,Disgust,disgustwithtongue_F-EA-39,0.59,1
Online,CAFE,Disgust,disgustwithtongue_F-EA-39,0.5,1
Live,CAFE,Disgust,disgustwithtongue_F-EA-41,0.68,0
Live,CAFE,Disgust,disgustwithtongue_F-LA-02,0.78,0
Live,CAFE,Disgust,disgustwithtongue_F-LA-03,0.82,0
Live,CAFE,Disgust,disgustwithtongue_F-LA-05,0.68,0
Live,CAFE,Disgust,disgustwithtongue_F-LA-10,0.69,0
Live,CAFE,Disgust,disgustwithtongue_F-LA-12,0.78,0
Live,CAFE,Disgust,disgustwithtongue_F-LA-13,0.78,0
Live,CAFE,Disgust,disgustwithtongue_F-PI-01,0.71,0
Live,CAFE,Disgust,disgustwithtongue_F-SA-02,0.84,0
Live,CAFE,Disgust,disgustwithtongue_F-SA-03,0.86,1
Online,CAFE,Disgust,disgustwithtongue_F-SA-03,0.888888889,1
Live,CAFE,Disgust,disgustwithtongue_F-SA-04,0.66,0
Live,CAFE,Disgust,disgustwithtongue_F-SA-05,0.74,0
Live,CAFE,Disgust,disgustwithtongue_F-SA-06,0.76,0
Live,CAFE,Disgust,disgustwithtongue_F-SA-07,0.74,0
Live,CAFE,Disgust,disgustwithtongue_F-SA-08,0.7,0
Live,CAFE,Disgust,disgustwithtongue_F-SA-09,0.54,1
Online,CAFE,Disgust,disgustwithtongue_F-SA-09,0.375,1
Live,CAFE,Disgust,disgustwithtongue_F-SA-10,0.74,0
Live,CAFE,Disgust,disgustwithtongue_M-AA-03,0.67,0
Live,CAFE,Disgust,disgustwithtongue_M-AA-05,0.77,0
Live,CAFE,Disgust,disgustwithtongue_M-AA-06,0.73,1
Online,CAFE,Disgust,disgustwithtongue_M-AA-06,0.636363636,1
Live,CAFE,Disgust,disgustwithtongue_M-AA-07,0.63,0
Live,CAFE,Disgust,disgustwithtongue_M-AA-09,0.66,0
Live,CAFE,Disgust,disgustwithtongue_M-AA-10,0.78,0
Live,CAFE,Disgust,disgustwithtongue_M-AA-11,0.69,0
Live,CAFE,Disgust,disgustwithtongue_M-AS-01,0.63,0
Live,CAFE,Disgust,disgustwithtongue_M-AS-02,0.69,0
Live,CAFE,Disgust,disgustwithtongue_M-AS-03,0.61,0
Live,CAFE,Disgust,disgustwithtongue_M-AS-06,0.72,1
Online,CAFE,Disgust,disgustwithtongue_M-AS-06,0.5,1
Live,CAFE,Disgust,disgustwithtongue_M-EA-02,0.8,0
Live,CAFE,Disgust,disgustwithtongue_M-EA-04,0.72,1
Online,CAFE,Disgust,disgustwithtongue_M-EA-04,0.3,1
Live,CAFE,Disgust,disgustwithtongue_M-EA-05,0.71,0
Live,CAFE,Disgust,disgustwithtongue_M-EA-06b,0.7,0
Live,CAFE,Disgust,disgustwithtongue_M-EA-08,0.5,0
Live,CAFE,Disgust,disgustwithtongue_M-EA-10,0.78,0
Live,CAFE,Disgust,disgustwithtongue_M-EA-12,0.86,1
Online,CAFE,Disgust,disgustwithtongue_M-EA-12,0.8125,1
Live,CAFE,Disgust,disgustwithtongue_M-EA-14,0.86,1
Online,CAFE,Disgust,disgustwithtongue_M-EA-14,0.888888889,1
Live,CAFE,Disgust,disgustwithtongue_M-EA-20,0.74,0
Live,CAFE,Disgust,disgustwithtongue_M-EA-22,0.76,0
Live,CAFE,Disgust,disgustwithtongue_M-EA-24,0.77,0
Live,CAFE,Disgust,disgustwithtongue_M-EA-25,0.84,0
Live,CAFE,Disgust,disgustwithtongue_M-EA-26,0.77,0
Live,CAFE,Disgust,disgustwithtongue_M-EA-29,0.77,0
Live,CAFE,Disgust,disgustwithtongue_M-EA-30,0.66,0
Live,CAFE,Disgust,disgustwithtongue_M-EA-34,0.81,0
Live,CAFE,Disgust,disgustwithtongue_M-EA-35,0.78,0
Live,CAFE,Disgust,disgustwithtongue_M-EA-36,0.58,1
Online,CAFE,Disgust,disgustwithtongue_M-EA-36,0.666666667,1
Live,CAFE,Disgust,disgustwithtongue_M-EA-37,0.61,0
Live,CAFE,Disgust,disgustwithtongue_M-EA-38,0.88,1
Online,CAFE,Disgust,disgustwithtongue_M-EA-38,0.888888889,1
Live,CAFE,Disgust,disgustwithtongue_M-LA-01,0.68,0
Live,CAFE,Disgust,disgustwithtongue_M-LA-03,0.74,0
Live,CAFE,Disgust,disgustwithtongue_M-LA-05,0.73,1
Online,CAFE,Disgust,disgustwithtongue_M-LA-05,0.5,1
Live,CAFE,Disgust,disgustwithtongue_M-LA-08,0.93,1
Online,CAFE,Disgust,disgustwithtongue_M-LA-08,0.818181818,1
Live,CAFE,Disgust,disgustwithtongue_M-LA-09,0.88,1
Online,CAFE,Disgust,disgustwithtongue_M-LA-09,0.6875,1
Online,Emoji,Fearful,fearful_emoji,0.393258427,0
Live,CAFE,Fearful,fearful_F-AA-01,0.72,1
Online,CAFE,Fearful,fearful_F-AA-01,0.555555556,1
Live,CAFE,Fearful,fearful_F-AA-02,0.04,0
Live,CAFE,Fearful,fearful_F-AA-03,0.49,1
Online,CAFE,Fearful,fearful_F-AA-03,0.666666667,1
Live,CAFE,Fearful,fearful_F-AA-04,0.55,0
Live,CAFE,Fearful,fearful_F-AA-06,0.75,1
Online,CAFE,Fearful,fearful_F-AA-06,1,1
Live,CAFE,Fearful,fearful_F-AA-07,0.47,1
Online,CAFE,Fearful,fearful_F-AA-07,0.25,1
Live,CAFE,Fearful,fearful_F-AA-10,0.63,0
Live,CAFE,Fearful,fearful_F-AA-12,0.32,0
Live,CAFE,Fearful,fearful_F-AA-13,0.62,0
Live,CAFE,Fearful,fearful_F-AA-14,0.26,1
Online,CAFE,Fearful,fearful_F-AA-14,0.2,1
Live,CAFE,Fearful,fearful_F-AA-15,0.82,1
Online,CAFE,Fearful,fearful_F-AA-15,0.818181818,1
Live,CAFE,Fearful,fearful_F-AS-02,0.12,0
Live,CAFE,Fearful,fearful_F-AS-03,0.34,0
Live,CAFE,Fearful,fearful_F-AS-05,0.64,1
Online,CAFE,Fearful,fearful_F-AS-05,0.6,1
Live,CAFE,Fearful,fearful_F-AS-07,0.53,0
Live,CAFE,Fearful,fearful_F-AS-09,0.57,0
Live,CAFE,Fearful,fearful_F-EA-01,0.58,0
Live,CAFE,Fearful,fearful_F-EA-02,0.7,1
Online,CAFE,Fearful,fearful_F-EA-02,0.555555556,1
Live,CAFE,Fearful,fearful_F-EA-04,0.56,0
Live,CAFE,Fearful,fearful_F-EA-06,0.22,0
Live,CAFE,Fearful,fearful_F-EA-11,0.67,1
Online,CAFE,Fearful,fearful_F-EA-11,0.285714286,1
Live,CAFE,Fearful,fearful_F-EA-13,0.49,1
Online,CAFE,Fearful,fearful_F-EA-13,0.333333333,1
Live,CAFE,Fearful,fearful_F-EA-14,0.03,0
Live,CAFE,Fearful,fearful_F-EA-16,0.57,0
Live,CAFE,Fearful,fearful_F-EA-21,0.39,0
Live,CAFE,Fearful,fearful_F-EA-23,0.56,0
Live,CAFE,Fearful,fearful_F-EA-24,0.65,1
Online,CAFE,Fearful,fearful_F-EA-24,0.4,1
Live,CAFE,Fearful,fearful_F-EA-25,0.72,1
Online,CAFE,Fearful,fearful_F-EA-25,0.5625,1
Live,CAFE,Fearful,fearful_F-EA-26,0.77,1
Online,CAFE,Fearful,fearful_F-EA-26,0.857142857,1
Live,CAFE,Fearful,fearful_F-EA-27,0.4,0
Live,CAFE,Fearful,fearful_F-EA-28,0.69,1
Online,CAFE,Fearful,fearful_F-EA-28,0.875,1
Live,CAFE,Fearful,fearful_F-EA-30,0.81,1
Online,CAFE,Fearful,fearful_F-EA-30,0.727272727,1
Live,CAFE,Fearful,fearful_F-EA-32,0.45,1
Online,CAFE,Fearful,fearful_F-EA-32,0.333333333,1
Live,CAFE,Fearful,fearful_F-EA-33,0.43,0
Live,CAFE,Fearful,fearful_F-EA-38,0.76,1
Online,CAFE,Fearful,fearful_F-EA-38,0.666666667,1
Live,CAFE,Fearful,fearful_F-EA-40,0.54,0
Live,CAFE,Fearful,fearful_F-EA-42,0.6,0
Live,CAFE,Fearful,fearful_F-LA-01,0.4,0
Live,CAFE,Fearful,fearful_F-LA-05,0.27,1
Online,CAFE,Fearful,fearful_F-LA-05,0.285714286,1
Live,CAFE,Fearful,fearful_F-LA-05-2,0.51,1
Online,CAFE,Fearful,fearful_F-LA-05-2,0.636363636,1
Live,CAFE,Fearful,fearful_F-LA-09,0.22,0
Live,CAFE,Fearful,fearful_F-LA-11,0.06,0
Live,CAFE,Fearful,fearful_F-LA-12,0.23,0
Live,CAFE,Fearful,fearful_F-LA-13,0.21,0
Live,CAFE,Fearful,fearful_F-SA-01,0.44,1
Online,CAFE,Fearful,fearful_F-SA-01,0.3,1
Live,CAFE,Fearful,fearful_F-SA-02,0.72,1
Online,CAFE,Fearful,fearful_F-SA-02,0.5,1
Live,CAFE,Fearful,fearful_F-SA-03,0.55,0
Live,CAFE,Fearful,fearful_F-SA-04,0.44,1
Online,CAFE,Fearful,fearful_F-SA-04,0.428571429,1
Live,CAFE,Fearful,fearful_F-SA-07,0.38,0
Live,CAFE,Fearful,fearful_F-SA-08,0.31,1
Online,CAFE,Fearful,fearful_F-SA-08,0.571428571,1
Live,CAFE,Fearful,fearful_F-SA-09,0.1,0
Live,CAFE,Fearful,fearful_F-SA-10,0.18,0
Live,CAFE,Fearful,fearful_M-AA-01,0.54,0
Live,CAFE,Fearful,fearful_M-AA-05,0.53,0
Live,CAFE,Fearful,fearful_M-AA-07,0.44,1
Online,CAFE,Fearful,fearful_M-AA-07,0.25,1
Live,CAFE,Fearful,fearful_M-AA-11,0.32,1
Online,CAFE,Fearful,fearful_M-AA-11,0.363636364,1
Live,CAFE,Fearful,fearful_M-AS-02,0.51,1
Online,CAFE,Fearful,fearful_M-AS-02,0.272727273,1
Live,CAFE,Fearful,fearful_M-AS-04,0.76,1
Online,CAFE,Fearful,fearful_M-AS-04,0.5,1
Live,CAFE,Fearful,fearful_M-AS-05,0.13,0
Live,CAFE,Fearful,fearful_M-AS-06,0.61,0
Live,CAFE,Fearful,fearful_M-EA-02,0.4,0
Live,CAFE,Fearful,fearful_M-EA-04,0.68,1
Online,CAFE,Fearful,fearful_M-EA-04,0.5,1
Live,CAFE,Fearful,fearful_M-EA-05,0.12,0
Live,CAFE,Fearful,fearful_M-EA-06b,0.52,0
Live,CAFE,Fearful,fearful_M-EA-07,0.3,1
Online,CAFE,Fearful,fearful_M-EA-07,0.166666667,1
Live,CAFE,Fearful,fearful_M-EA-10,0.23,0
Live,CAFE,Fearful,fearful_M-EA-12,0.28,1
Online,CAFE,Fearful,fearful_M-EA-12,0.125,1
Live,CAFE,Fearful,fearful_M-EA-13,0.5,1
Online,CAFE,Fearful,fearful_M-EA-13,0.714285714,1
Live,CAFE,Fearful,fearful_M-EA-20,0.3,1
Online,CAFE,Fearful,fearful_M-EA-20,0.333333333,1
Live,CAFE,Fearful,fearful_M-EA-22,0.3,1
Online,CAFE,Fearful,fearful_M-EA-22,0.166666667,1
Live,CAFE,Fearful,fearful_M-EA-23,0.57,0
Live,CAFE,Fearful,fearful_M-EA-23-2,0.44,0
Live,CAFE,Fearful,fearful_M-EA-28,0.58,0
Live,CAFE,Fearful,fearful_M-EA-37,0.73,1
Online,CAFE,Fearful,fearful_M-EA-37,0.555555556,1
Live,CAFE,Fearful,fearful_M-LA-02,0.19,0
Live,CAFE,Fearful,fearful_M-LA-05,0.48,1
Online,CAFE,Fearful,fearful_M-LA-05,0.333333333,1
Live,CAFE,Fearful,fearful_M-LA-08,0.26,0
Live,CAFE,Fearful,fearful_M-LA-09,0.44,1
Online,CAFE,Fearful,fearful_M-LA-09,0.142857143,1
Live,CAFE,Fearful,fearful_M-LA-10,0.22,0
Online,Google,Fearful,fearful1,0.2,0
Online,Google,Fearful,fearful10,0.333333333,0
Online,Google,Fearful,fearful100,0.5,0
Online,Google,Fearful,fearful11,0.6,0
Online,Google,Fearful,fearful12,0.125,0
Online,Google,Fearful,fearful13,0.090909091,0
Online,Google,Fearful,fearful14,0,0
Online,Google,Fearful,fearful16,0.222222222,0
Online,Google,Fearful,fearful17,0.142857143,0
Online,Google,Fearful,fearful19,0.571428571,0
Online,Google,Fearful,fearful2,0.888888889,0
Online,Google,Fearful,fearful20,0.454545455,0
Online,Google,Fearful,fearful21,0.0625,0
Online,Google,Fearful,fearful22,0,0
Online,Google,Fearful,fearful23,0.5,0
Online,Google,Fearful,fearful24,0.166666667,0
Online,Google,Fearful,fearful27,0.714285714,0
Online,Google,Fearful,fearful28,0.142857143,0
Online,Google,Fearful,fearful29,0.166666667,0
Online,Google,Fearful,fearful3,0.2,0
Online,Google,Fearful,fearful31,0.714285714,0
Online,Google,Fearful,fearful32,0.125,0
Online,Google,Fearful,fearful33,0.111111111,0
Online,Google,Fearful,fearful34,0.333333333,0
Online,Google,Fearful,fearful35,0.25,0
Online,Google,Fearful,fearful36,0.333333333,0
Online,Google,Fearful,fearful37,0.1,0
Online,Google,Fearful,fearful39,0,0
Online,Google,Fearful,fearful4,0,0
Online,Google,Fearful,fearful40,0,0
Online,Google,Fearful,fearful41,0.285714286,0
Online,Google,Fearful,fearful43,0,0
Online,Google,Fearful,fearful44,0.222222222,0
Online,Google,Fearful,fearful45,0.111111111,0
Online,Google,Fearful,fearful46,0,0
Online,Google,Fearful,fearful47,0.142857143,0
Online,Google,Fearful,fearful48,0.125,0
Online,Google,Fearful,fearful49,0.4375,0
Online,Google,Fearful,fearful5,0.666666667,0
Online,Google,Fearful,fearful50,0,0
Online,Google,Fearful,fearful51,0,0
Online,Google,Fearful,fearful52,0.222222222,0
Online,Google,Fearful,fearful53,0,0
Online,Google,Fearful,fearful54,0,0
Online,Google,Fearful,fearful56,0.555555556,0
Online,Google,Fearful,fearful57,0,0
Online,Google,Fearful,fearful58,0.111111111,0
Online,Google,Fearful,fearful59,0.0625,0
Online,Google,Fearful,fearful60,0,0
Online,Google,Fearful,fearful61,0,0
Online,Google,Fearful,fearful62,0,0
Online,Google,Fearful,fearful63,0.454545455,0
Online,Google,Fearful,fearful65,0.0625,0
Online,Google,Fearful,fearful66,0.428571429,0
Online,Google,Fearful,fearful67,0.166666667,0
Online,Google,Fearful,fearful68,0.5,0
Online,Google,Fearful,fearful69,0,0
Online,Google,Fearful,fearful70,0,0
Online,Google,Fearful,fearful71,0.125,0
Online,Google,Fearful,fearful72,0.142857143,0
Online,Google,Fearful,fearful73,0.2,0
Online,Google,Fearful,fearful74,0.363636364,0
Online,Google,Fearful,fearful75,0.666666667,0
Online,Google,Fearful,fearful76,0.625,0
Online,Google,Fearful,fearful78,0,0
Online,Google,Fearful,fearful79,0.285714286,0
Online,Google,Fearful,fearful80,0,0
Online,Google,Fearful,fearful81,0.090909091,0
Online,Google,Fearful,fearful82,0.2,0
Online,Google,Fearful,fearful83,0.857142857,0
Online,Google,Fearful,fearful84,0.571428571,0
Online,Google,Fearful,fearful85,0,0
Online,Google,Fearful,fearful86,0,0
Online,Google,Fearful,fearful87,1,0
Online,Google,Fearful,fearful89,0.428571429,0
Online,Google,Fearful,fearful91,0.333333333,0
Online,Google,Fearful,fearful92,0.3,0
Online,Google,Fearful,fearful93,0.166666667,0
Online,Google,Fearful,fearful95,0,0
Online,Google,Fearful,fearful96,0,0
Online,Google,Fearful,fearful97,0.666666667,0
Online,Google,Fearful,fearful98,0,0
Online,Google,Fearful,fearful99,0.5,0
Live,CAFE,Fearful,fearfulopen_F-AA-01,0.61,0
Live,CAFE,Fearful,fearfulopen_F-AA-02,0.23,0
Live,CAFE,Fearful,fearfulopen_F-AA-03,0.27,1
Online,CAFE,Fearful,fearfulopen_F-AA-03,0.285714286,1
Live,CAFE,Fearful,fearfulopen_F-AA-04,0.5,1
Online,CAFE,Fearful,fearfulopen_F-AA-04,0.333333333,1
Live,CAFE,Fearful,fearfulopen_F-AA-06,0.53,0
Live,CAFE,Fearful,fearfulopen_F-AA-09,0.39,0
Live,CAFE,Fearful,fearfulopen_F-AA-10,0.5,1
Online,CAFE,Fearful,fearfulopen_F-AA-10,0.714285714,1
Live,CAFE,Fearful,fearfulopen_F-AA-12,0.31,1
Online,CAFE,Fearful,fearfulopen_F-AA-12,0.142857143,1
Live,CAFE,Fearful,fearfulopen_F-AA-13,0.38,0
Live,CAFE,Fearful,fearfulopen_F-AA-15,0.58,0
Live,CAFE,Fearful,fearfulopen_F-AS-02,0.17,0
Live,CAFE,Fearful,fearfulopen_F-AS-03,0.24,0
Live,CAFE,Fearful,fearfulopen_F-AS-04,0.44,1
Online,CAFE,Fearful,fearfulopen_F-AS-04,0.2,1
Live,CAFE,Fearful,fearfulopen_F-AS-07,0.46,1
Online,CAFE,Fearful,fearfulopen_F-AS-07,0.125,1
Live,CAFE,Fearful,fearfulopen_F-AS-09,0.34,0
Live,CAFE,Fearful,fearfulopen_F-EA-05,0.34,0
Live,CAFE,Fearful,fearfulopen_F-EA-12,0.49,0
Live,CAFE,Fearful,fearfulopen_F-EA-13,0.42,0
Live,CAFE,Fearful,fearfulopen_F-EA-15,0.37,0
Live,CAFE,Fearful,fearfulopen_F-EA-19b,0.58,0
Live,CAFE,Fearful,fearfulopen_F-EA-22,0.26,1
Online,CAFE,Fearful,fearfulopen_F-EA-22,0.2,1
Live,CAFE,Fearful,fearfulopen_F-EA-23,0.13,0
Live,CAFE,Fearful,fearfulopen_F-EA-24,0.37,0
Live,CAFE,Fearful,fearfulopen_F-EA-25,0.53,0
Live,CAFE,Fearful,fearfulopen_F-EA-26,0.32,0
Live,CAFE,Fearful,fearfulopen_F-EA-28,0.58,0
Live,CAFE,Fearful,fearfulopen_F-EA-30,0.77,1
Online,CAFE,Fearful,fearfulopen_F-EA-30,0.857142857,1
Live,CAFE,Fearful,fearfulopen_F-EA-32,0.4,0
Live,CAFE,Fearful,fearfulopen_F-EA-33,0.36,0
Live,CAFE,Fearful,fearfulopen_F-EA-38,0.27,1
Online,CAFE,Fearful,fearfulopen_F-EA-38,0,1
Live,CAFE,Fearful,fearfulopen_F-EA-41,0.12,0
Live,CAFE,Fearful,fearfulopen_F-EA-42,0.49,1
Online,CAFE,Fearful,fearfulopen_F-EA-42,0.5,1
Live,CAFE,Fearful,fearfulopen_F-LA-01,0.38,0
Live,CAFE,Fearful,fearfulopen_F-LA-06,0.28,1
Online,CAFE,Fearful,fearfulopen_F-LA-06,0.222222222,1
Live,CAFE,Fearful,fearfulopen_F-LA-10,0.24,0
Live,CAFE,Fearful,fearfulopen_F-LA-12,0.28,1
Online,CAFE,Fearful,fearfulopen_F-LA-12,0.111111111,1
Live,CAFE,Fearful,fearfulopen_F-SA-01,0.45,1
Online,CAFE,Fearful,fearfulopen_F-SA-01,0.222222222,1
Live,CAFE,Fearful,fearfulopen_F-SA-02,0.38,0
Live,CAFE,Fearful,fearfulopen_F-SA-03,0.29,1
Online,CAFE,Fearful,fearfulopen_F-SA-03,0.222222222,1
Live,CAFE,Fearful,fearfulopen_F-SA-04,0.69,1
Online,CAFE,Fearful,fearfulopen_F-SA-04,0.222222222,1
Live,CAFE,Fearful,fearfulopen_F-SA-08,0.48,1
Online,CAFE,Fearful,fearfulopen_F-SA-08,0.222222222,1
Live,CAFE,Fearful,fearfulopen_M-AA-03,0.23,0
Live,CAFE,Fearful,fearfulopen_M-AA-07,0.13,0
Live,CAFE,Fearful,fearfulopen_M-AA-08,0.55,0
Live,CAFE,Fearful,fearfulopen_M-AA-09,0.36,0
Live,CAFE,Fearful,fearfulopen_M-AS-02,0.52,0
Live,CAFE,Fearful,fearfulopen_M-AS-04,0.66,1
Online,CAFE,Fearful,fearfulopen_M-AS-04,0.571428571,1
Live,CAFE,Fearful,fearfulopen_M-EA-02,0.25,0
Live,CAFE,Fearful,fearfulopen_M-EA-06b,0.23,0
Live,CAFE,Fearful,fearfulopen_M-EA-18,0.27,1
Online,CAFE,Fearful,fearfulopen_M-EA-18,0.125,1
Live,CAFE,Fearful,fearfulopen_M-EA-20,0.4,0
Live,CAFE,Fearful,fearfulopen_M-EA-21,0.19,0
Live,CAFE,Fearful,fearfulopen_M-EA-25,0.4,0
Live,CAFE,Fearful,fearfulopen_M-EA-26,0.31,1
Online,CAFE,Fearful,fearfulopen_M-EA-26,0,1
Live,CAFE,Fearful,fearfulopen_M-EA-29,0.45,1
Online,CAFE,Fearful,fearfulopen_M-EA-29,0.125,1
Live,CAFE,Fearful,fearfulopen_M-EA-37,0.74,1
Online,CAFE,Fearful,fearfulopen_M-EA-37,0.5,1
Live,CAFE,Fearful,fearfulopen_M-EA-38,0.31,1
Online,CAFE,Fearful,fearfulopen_M-EA-38,0.090909091,1
Live,CAFE,Fearful,fearfulopen_M-LA-03,0.29,1
Online,CAFE,Fearful,fearfulopen_M-LA-03,0.125,1
Live,CAFE,Fearful,fearfulopen_M-LA-04,0.34,0
Live,CAFE,Fearful,fearfulopen_M-LA-05,0.31,1
Online,CAFE,Fearful,fearfulopen_M-LA-05,0.333333333,1
Live,CAFE,Fearful,fearfulopen_M-LA-10,0.32,0
Online,Google,Happy,happy_1,1,0
Online,Emoji,Happy,happy_emoji,0.93258427,0
Live,CAFE,Happy,happy_F-AA-01,0.88,1
Online,CAFE,Happy,happy_F-AA-01,0.909090909,1
Live,CAFE,Happy,happy_F-AA-02,0.94,0
Live,CAFE,Happy,happy_F-AA-03,0.98,1
Online,CAFE,Happy,happy_F-AA-03,0.909090909,1
Live,CAFE,Happy,happy_F-AA-04,0.93,0
Live,CAFE,Happy,happy_F-AA-06,0.94,0
Live,CAFE,Happy,happy_F-AA-07,0.94,0
Live,CAFE,Happy,happy_F-AA-08,0.93,1
Online,CAFE,Happy,happy_F-AA-08,0.9,1
Live,CAFE,Happy,happy_F-AA-09,0.94,0
Live,CAFE,Happy,happy_F-AA-10,0.93,0
Live,CAFE,Happy,happy_F-AA-11,0.95,0
Live,CAFE,Happy,happy_F-AA-12,0.96,0
Live,CAFE,Happy,happy_F-AA-13,0.94,0
Live,CAFE,Happy,happy_F-AA-14,0.87,1
Online,CAFE,Happy,happy_F-AA-14,1,1
Live,CAFE,Happy,happy_F-AA-15,0.96,0
Live,CAFE,Happy,happy_F-AA-16,0.94,1
Online,CAFE,Happy,happy_F-AA-16,0.818181818,1
Live,CAFE,Happy,happy_F-AS-01,0.93,1
Online,CAFE,Happy,happy_F-AS-01,1,1
Live,CAFE,Happy,happy_F-AS-02,0.92,0
Live,CAFE,Happy,happy_F-AS-04,0.94,0
Live,CAFE,Happy,happy_F-AS-06,0.92,0
Live,CAFE,Happy,happy_F-AS-08,0.89,0
Live,CAFE,Happy,happy_F-AS-09,0.93,1
Online,CAFE,Happy,happy_F-AS-09,0.777777778,1
Live,CAFE,Happy,happy_F-EA-03,0.94,0
Live,CAFE,Happy,happy_F-EA-05b,0.96,0
Live,CAFE,Happy,happy_F-EA-06,0.94,0
Live,CAFE,Happy,happy_F-EA-07,0.89,0
Live,CAFE,Happy,happy_F-EA-08,0.93,1
Online,CAFE,Happy,happy_F-EA-08,1,1
Live,CAFE,Happy,happy_F-EA-11,0.97,1
Online,CAFE,Happy,happy_F-EA-11,1,1
Live,CAFE,Happy,happy_F-EA-12,0.91,0
Live,CAFE,Happy,happy_F-EA-14,0.93,1
Online,CAFE,Happy,happy_F-EA-14,0.875,1
Live,CAFE,Happy,happy_F-EA-15,0.94,0
Live,CAFE,Happy,happy_F-EA-16,0.96,0
Live,CAFE,Happy,happy_F-EA-17,0.92,0
Live,CAFE,Happy,happy_F-EA-19,0.95,0
Live,CAFE,Happy,happy_F-EA-20,0.95,0
Live,CAFE,Happy,happy_F-EA-21,0.95,0
Live,CAFE,Happy,happy_F-EA-25,0.96,0
Live,CAFE,Happy,happy_F-EA-27,0.95,0
Live,CAFE,Happy,happy_F-EA-29,0.96,0
Live,CAFE,Happy,happy_F-EA-32,0.93,1
Online,CAFE,Happy,happy_F-EA-32,0.8125,1
Live,CAFE,Happy,happy_F-EA-33,0.94,0
Live,CAFE,Happy,happy_F-EA-34,0.96,0
Live,CAFE,Happy,happy_F-EA-36,0.95,0
Live,CAFE,Happy,happy_F-EA-37,0.94,0
Live,CAFE,Happy,happy_F-EA-38,0.93,1
Online,CAFE,Happy,happy_F-EA-38,0.857142857,1
Live,CAFE,Happy,happy_F-EA-39,0.92,0
Live,CAFE,Happy,happy_F-EA-40,0.96,1
Online,CAFE,Happy,happy_F-EA-40,1,1
Live,CAFE,Happy,happy_F-EA-41,0.93,1
Online,CAFE,Happy,happy_F-EA-41,0.8,1
Live,CAFE,Happy,happy_F-LA-02,0.92,0
Live,CAFE,Happy,happy_F-LA-04,0.92,0
Live,CAFE,Happy,happy_F-LA-05,0.94,0
Live,CAFE,Happy,happy_F-LA-06,0.95,0
Live,CAFE,Happy,happy_F-LA-07,0.87,1
Online,CAFE,Happy,happy_F-LA-07,1,1
Live,CAFE,Happy,happy_F-LA-08,0.89,0
Live,CAFE,Happy,happy_F-LA-09,0.92,0
Live,CAFE,Happy,happy_F-LA-10,0.96,1
Online,CAFE,Happy,happy_F-LA-10,1,1
Live,CAFE,Happy,happy_F-LA-11,0.94,0
Live,CAFE,Happy,happy_F-LA-12,0.94,0
Live,CAFE,Happy,happy_F-LA-13,0.96,1
Online,CAFE,Happy,happy_F-LA-13,1,1
Live,CAFE,Happy,happy_F-PI-01,0.93,0
Live,CAFE,Happy,happy_F-SA-01,0.91,0
Live,CAFE,Happy,happy_F-SA-02,0.95,0
Live,CAFE,Happy,happy_F-SA-03,0.88,1
Online,CAFE,Happy,happy_F-SA-03,0.909090909,1
Live,CAFE,Happy,happy_F-SA-04,0.93,0
Live,CAFE,Happy,happy_F-SA-05,0.94,0
Live,CAFE,Happy,happy_F-SA-06,0.91,0
Live,CAFE,Happy,happy_F-SA-07,0.93,1
Online,CAFE,Happy,happy_F-SA-07,0.888888889,1
Live,CAFE,Happy,happy_F-SA-08,0.91,0
Live,CAFE,Happy,happy_F-SA-09,0.94,0
Live,CAFE,Happy,happy_F-SA-10,0.88,1
Online,CAFE,Happy,happy_F-SA-10,1,1
Live,CAFE,Happy,happy_M-AA-02,0.91,0
Live,CAFE,Happy,happy_M-AA-03,0.96,1
Online,CAFE,Happy,happy_M-AA-03,0.888888889,1
Live,CAFE,Happy,happy_M-AA-04,0.9,0
Live,CAFE,Happy,happy_M-AA-05,0.93,0
Live,CAFE,Happy,happy_M-AA-06,0.93,0
Live,CAFE,Happy,happy_M-AA-07,0.97,1
Online,CAFE,Happy,happy_M-AA-07,1,1
Live,CAFE,Happy,happy_M-AA-08,0.93,0
Live,CAFE,Happy,happy_M-AA-09,0.97,1
Online,CAFE,Happy,happy_M-AA-09,1,1
Live,CAFE,Happy,happy_M-AA-11,0.97,1
Online,CAFE,Happy,happy_M-AA-11,1,1
Live,CAFE,Happy,happy_M-AS-01,0.92,0
Live,CAFE,Happy,happy_M-AS-01-2,0.72,0
Live,CAFE,Happy,happy_M-AS-03,0.87,1
Online,CAFE,Happy,happy_M-AS-03,1,1
Live,CAFE,Happy,happy_M-AS-04,0.96,1
Online,CAFE,Happy,happy_M-AS-04,0.9,1
Live,CAFE,Happy,happy_M-AS-05,0.93,1
Online,CAFE,Happy,happy_M-AS-05,1,1
Live,CAFE,Happy,happy_M-AS-06,0.92,0
Live,CAFE,Happy,happy_M-AS-07,0.97,1
Online,CAFE,Happy,happy_M-AS-07,0.8125,1
Live,CAFE,Happy,happy_M-EA-01,0.9,0
Live,CAFE,Happy,happy_M-EA-03,0.96,1
Online,CAFE,Happy,happy_M-EA-03,0.888888889,1
Live,CAFE,Happy,happy_M-EA-04,0.94,0
Live,CAFE,Happy,happy_M-EA-04-2,0.94,0
Live,CAFE,Happy,happy_M-EA-06,0.93,1
Online,CAFE,Happy,happy_M-EA-06,1,1
Live,CAFE,Happy,happy_M-EA-06b-2,0.95,0
Live,CAFE,Happy,happy_M-EA-07,0.98,1
Online,CAFE,Happy,happy_M-EA-07,0.857142857,1
Live,CAFE,Happy,happy_M-EA-08,0.93,1
Online,CAFE,Happy,happy_M-EA-08,1,1
Live,CAFE,Happy,happy_M-EA-09,0.92,0
Live,CAFE,Happy,happy_M-EA-10,0.93,1
Online,CAFE,Happy,happy_M-EA-10,1,1
Live,CAFE,Happy,happy_M-EA-14,0.95,0
Live,CAFE,Happy,happy_M-EA-15,0.95,0
Live,CAFE,Happy,happy_M-EA-16,0.94,0
Live,CAFE,Happy,happy_M-EA-17,0.95,0
Live,CAFE,Happy,happy_M-EA-18,0.92,0
Live,CAFE,Happy,happy_M-EA-19,0.94,0
Live,CAFE,Happy,happy_M-EA-20,0.96,1
Online,CAFE,Happy,happy_M-EA-20,1,1
Live,CAFE,Happy,happy_M-EA-21,0.97,1
Online,CAFE,Happy,happy_M-EA-21,1,1
Live,CAFE,Happy,happy_M-EA-22,0.94,0
Live,CAFE,Happy,happy_M-EA-24,0.95,0
Live,CAFE,Happy,happy_M-EA-25,0.92,0
Live,CAFE,Happy,happy_M-EA-26,0.87,0
Live,CAFE,Happy,happy_M-EA-27,0.96,0
Live,CAFE,Happy,happy_M-EA-28,0.97,1
Online,CAFE,Happy,happy_M-EA-28,1,1
Live,CAFE,Happy,happy_M-EA-30,0.94,0
Live,CAFE,Happy,happy_M-EA-34,0.93,1
Online,CAFE,Happy,happy_M-EA-34,1,1
Live,CAFE,Happy,happy_M-EA-35,0.92,0
Live,CAFE,Happy,happy_M-LA-01,0.96,1
Online,CAFE,Happy,happy_M-LA-01,0.9,1
Live,CAFE,Happy,happy_M-LA-03,0.89,0
Live,CAFE,Happy,happy_M-LA-04,0.93,1
Online,CAFE,Happy,happy_M-LA-04,1,1
Live,CAFE,Happy,happy_M-LA-05,0.98,1
Online,CAFE,Happy,happy_M-LA-05,0.909090909,1
Live,CAFE,Happy,happy_M-LA-06,0.93,1
Online,CAFE,Happy,happy_M-LA-06,1,1
Live,CAFE,Happy,happy_M-LA-08,0.9,0
Live,CAFE,Happy,happy_M-LA-09,0.89,0
Live,CAFE,Happy,happy_M-LA-10,0.94,0
Online,Google,Happy,happy10,1,0
Online,Google,Happy,happy101,1,0
Online,Google,Happy,happy11,0.888888889,0
Online,Google,Happy,happy12,0.9,0
Online,Google,Happy,happy13,1,0
Online,Google,Happy,happy14,1,0
Online,Google,Happy,happy15,0.857142857,0
Online,Google,Happy,happy16,0.833333333,0
Online,Google,Happy,happy17,0.888888889,0
Online,Google,Happy,happy18,0.909090909,0
Online,Google,Happy,happy19,0.75,0
Online,Google,Happy,happy2,1,0
Online,Google,Happy,happy20,1,0
Online,Google,Happy,happy21,1,0
Online,Google,Happy,happy23,0.8125,0
Online,Google,Happy,happy24,1,0
Online,Google,Happy,happy25,0.875,0
Online,Google,Happy,happy26,0.666666667,0
Online,Google,Happy,happy27,0.857142857,0
Online,Google,Happy,happy28,0.875,0
Online,Google,Happy,happy29,1,0
Online,Google,Happy,happy3,1,0
Online,Google,Happy,happy30,1,0
Online,Google,Happy,happy31,0.888888889,0
Online,Google,Happy,happy33,1,0
Online,Google,Happy,happy35,0.909090909,0
Online,Google,Happy,happy37,1,0
Online,Google,Happy,happy39,1,0
Online,Google,Happy,happy4,1,0
Online,Google,Happy,happy41,0.777777778,0
Online,Google,Happy,happy42,1,0
Online,Google,Happy,happy45,1,0
Online,Google,Happy,happy46,0.833333333,0
Online,Google,Happy,happy47,0.8125,0
Online,Google,Happy,happy48,0.428571429,0
Online,Google,Happy,happy49,0.636363636,0
Online,Google,Happy,happy50,1,0
Online,Google,Happy,happy51,0.6875,0
Online,Google,Happy,happy52,1,0
Online,Google,Happy,happy53,1,0
Online,Google,Happy,happy55,0.9,0
Online,Google,Happy,happy56,0.6,0
Online,Google,Happy,happy57,1,0
Online,Google,Happy,happy59,1,0
Online,Google,Happy,happy6,1,0
Online,Google,Happy,happy60,1,0
Online,Google,Happy,happy61,0.909090909,0
Online,Google,Happy,happy64,1,0
Online,Google,Happy,happy65,1,0
Online,Google,Happy,happy68,0.857142857,0
Online,Google,Happy,happy7,0.9,0
Online,Google,Happy,happy70,1,0
Online,Google,Happy,happy71,0.909090909,0
Online,Google,Happy,happy72,0.625,0
Online,Google,Happy,happy73,1,0
Online,Google,Happy,happy75,1,0
Online,Google,Happy,happy76,0.8125,0
Online,Google,Happy,happy78,0.833333333,0
Online,Google,Happy,happy79,0.833333333,0
Online,Google,Happy,happy80,1,0
Online,Google,Happy,happy81,1,0
Online,Google,Happy,happy82,1,0
Online,Google,Happy,happy83,0.888888889,0
Online,Google,Happy,happy85,0.8125,0
Online,Google,Happy,happy86,1,0
Online,Google,Happy,happy88,0.875,0
Online,Google,Happy,happy89,1,0
Online,Google,Happy,happy90,0.833333333,0
Online,Google,Happy,happy91,0.833333333,0
Online,Google,Happy,happy92,0.75,0
Online,Google,Happy,happy93,1,0
Online,Google,Happy,happy94,1,0
Online,Google,Happy,happy95,0.909090909,0
Online,Google,Happy,happy98,0.833333333,0
Online,Google,Happy,happy99,1,0
Live,CAFE,Happy,happyopen_F-AA-01,0.71,0
Live,CAFE,Happy,happyopen_F-AA-02,0.9,0
Live,CAFE,Happy,happyopen_F-AA-03,0.94,1
Online,CAFE,Happy,happyopen_F-AA-03,1,1
Live,CAFE,Happy,happyopen_F-AA-05,0.79,0
Live,CAFE,Happy,happyopen_F-AA-06,0.7,0
Live,CAFE,Happy,happyopen_F-AA-07,0.74,0
Live,CAFE,Happy,happyopen_F-AA-08,0.65,0
Live,CAFE,Happy,happyopen_F-AA-09,0.66,0
Live,CAFE,Happy,happyopen_F-AA-10,0.56,0
Live,CAFE,Happy,happyopen_F-AA-11,0.74,0
Live,CAFE,Happy,happyopen_F-AA-12,0.87,1
Online,CAFE,Happy,happyopen_F-AA-12,1,1
Live,CAFE,Happy,happyopen_F-AA-13,0.92,0
Live,CAFE,Happy,happyopen_F-AA-16,0.83,1
Online,CAFE,Happy,happyopen_F-AA-16,1,1
Live,CAFE,Happy,happyopen_F-AS-01,0.94,0
Live,CAFE,Happy,happyopen_F-AS-02,0.95,0
Live,CAFE,Happy,happyopen_F-AS-09,0.37,0
Live,CAFE,Happy,happyopen_F-EA-01,0.75,0
Live,CAFE,Happy,happyopen_F-EA-03,0.8,0
Live,CAFE,Happy,happyopen_F-EA-04,0.77,0
Live,CAFE,Happy,happyopen_F-EA-06,0.92,0
Live,CAFE,Happy,happyopen_F-EA-08,0.77,0
Live,CAFE,Happy,happyopen_F-EA-11,0.49,0
Live,CAFE,Happy,happyopen_F-EA-12,0.36,0
Live,CAFE,Happy,happyopen_F-EA-14,0.89,0
Live,CAFE,Happy,happyopen_F-EA-15,0.93,1
Online,CAFE,Happy,happyopen_F-EA-15,0.75,1
Live,CAFE,Happy,happyopen_F-EA-16,0.54,0
Live,CAFE,Happy,happyopen_F-EA-17,0.92,0
Live,CAFE,Happy,happyopen_F-EA-18,0.97,1
Online,CAFE,Happy,happyopen_F-EA-18,0.9375,1
Live,CAFE,Happy,happyopen_F-EA-21,0.77,0
Live,CAFE,Happy,happyopen_F-EA-22,0.72,0
Live,CAFE,Happy,happyopen_F-EA-25,0.81,1
Online,CAFE,Happy,happyopen_F-EA-25,1,1
Live,CAFE,Happy,happyopen_F-EA-27,0.84,1
Online,CAFE,Happy,happyopen_F-EA-27,1,1
Live,CAFE,Happy,happyopen_F-EA-29,0.22,0
Live,CAFE,Happy,happyopen_F-EA-30,0.93,1
Online,CAFE,Happy,happyopen_F-EA-30,0.666666667,1
Live,CAFE,Happy,happyopen_F-EA-31,0.72,0
Live,CAFE,Happy,happyopen_F-EA-32,0.34,0
Live,CAFE,Happy,happyopen_F-EA-33,0.64,0
Live,CAFE,Happy,happyopen_F-EA-34,0.88,0
Live,CAFE,Happy,happyopen_F-EA-36,0.65,0
Live,CAFE,Happy,happyopen_F-EA-37,0.84,1
Online,CAFE,Happy,happyopen_F-EA-37,0.777777778,1
Live,CAFE,Happy,happyopen_F-EA-39,0.94,0
Live,CAFE,Happy,happyopen_F-EA-40,0.53,0
Live,CAFE,Happy,happyopen_F-EA-41,0.95,0
Live,CAFE,Happy,happyopen_F-EA-42,0.84,1
Online,CAFE,Happy,happyopen_F-EA-42,0.8125,1
Live,CAFE,Happy,happyopen_F-LA-02,0.94,0
Live,CAFE,Happy,happyopen_F-LA-04,0.9,0
Live,CAFE,Happy,happyopen_F-LA-05,0.62,0
Live,CAFE,Happy,happyopen_F-LA-06,0.84,1
Online,CAFE,Happy,happyopen_F-LA-06,0.625,1
Live,CAFE,Happy,happyopen_F-LA-09,0.39,0
Live,CAFE,Happy,happyopen_F-LA-10,0.89,0
Live,CAFE,Happy,happyopen_F-LA-11,0.83,1
Online,CAFE,Happy,happyopen_F-LA-11,0.857142857,1
Live,CAFE,Happy,happyopen_F-LA-12,0.62,0
Live,CAFE,Happy,happyopen_F-LA-13,0.61,0
Live,CAFE,Happy,happyopen_F-PI-01,0.95,0
Live,CAFE,Happy,happyopen_F-SA-03,0.79,0
Live,CAFE,Happy,happyopen_F-SA-04,0.63,0
Live,CAFE,Happy,happyopen_F-SA-05,0.74,0
Live,CAFE,Happy,happyopen_F-SA-06,0.42,0
Live,CAFE,Happy,happyopen_F-SA-07,0.91,0
Live,CAFE,Happy,happyopen_F-SA-08,0.74,0
Live,CAFE,Happy,happyopen_F-SA-10,0.37,0
Live,CAFE,Happy,happyopen_M-AA-05,0.71,0
Live,CAFE,Happy,happyopen_M-AA-06,0.85,1
Online,CAFE,Happy,happyopen_M-AA-06,0.888888889,1
Live,CAFE,Happy,happyopen_M-AA-08,0.82,1
Online,CAFE,Happy,happyopen_M-AA-08,0.8,1
Live,CAFE,Happy,happyopen_M-AA-09,0.84,1
Online,CAFE,Happy,happyopen_M-AA-09,0.888888889,1
Live,CAFE,Happy,happyopen_M-AA-11,0.83,1
Online,CAFE,Happy,happyopen_M-AA-11,0.857142857,1
Live,CAFE,Happy,happyopen_M-AS-02,0.75,0
Live,CAFE,Happy,happyopen_M-AS-03,0.9,0
Live,CAFE,Happy,happyopen_M-AS-05,0.53,0
Live,CAFE,Happy,happyopen_M-AS-06,0.49,0
Live,CAFE,Happy,happyopen_M-AS-07,0.56,0
Live,CAFE,Happy,happyopen_M-EA-06b,0.68,0
Live,CAFE,Happy,happyopen_M-EA-08,0.46,0
Live,CAFE,Happy,happyopen_M-EA-09,0.89,0
Live,CAFE,Happy,happyopen_M-EA-12,0.88,0
Live,CAFE,Happy,happyopen_M-EA-15,0.89,0
Live,CAFE,Happy,happyopen_M-EA-16,0.55,0
Live,CAFE,Happy,happyopen_M-EA-17,0.56,0
Live,CAFE,Happy,happyopen_M-EA-18,0.64,0
Live,CAFE,Happy,happyopen_M-EA-19,0.73,0
Live,CAFE,Happy,happyopen_M-EA-20,0.92,0
Live,CAFE,Happy,happyopen_M-EA-24,0.96,0
Live,CAFE,Happy,happyopen_M-EA-25,0.71,0
Live,CAFE,Happy,happyopen_M-EA-26,0.9,0
Live,CAFE,Happy,happyopen_M-EA-27,0.79,0
Live,CAFE,Happy,happyopen_M-EA-28,0.92,0
Live,CAFE,Happy,happyopen_M-EA-29,0.54,0
Live,CAFE,Happy,happyopen_M-EA-34,0.66,0
Live,CAFE,Happy,happyopen_M-EA-38,0.33,0
Live,CAFE,Happy,happyopen_M-LA-01,0.9,0
Live,CAFE,Happy,happyopen_M-LA-02,0.51,0
Live,CAFE,Happy,happyopen_M-LA-03,0.84,1
Online,CAFE,Happy,happyopen_M-LA-03,0.666666667,1
Live,CAFE,Happy,happyopen_M-LA-04,0.9,0
Live,CAFE,Happy,happyopen_M-LA-06,0.97,1
Online,CAFE,Happy,happyopen_M-LA-06,0.833333333,1
Live,CAFE,Happy,happyopen_M-LA-09,0.3,0
Online,Emoji,Neutral,neutral_emoji,0.898876404,0
Live,CAFE,Neutral,neutral_F-AA-01,0.72,0
Live,CAFE,Neutral,neutral_F-AA-02,0.91,0
Live,CAFE,Neutral,neutral_F-AA-03,0.73,0
Live,CAFE,Neutral,neutral_F-AA-04,0.92,0
Live,CAFE,Neutral,neutral_F-AA-06,0.88,0
Live,CAFE,Neutral,neutral_F-AA-07,0.93,0
Live,CAFE,Neutral,neutral_F-AA-08,0.88,0
Live,CAFE,Neutral,neutral_F-AA-11,0.85,1
Online,CAFE,Neutral,neutral_F-AA-11,1,1
Live,CAFE,Neutral,neutral_F-AA-12,0.94,1
Online,CAFE,Neutral,neutral_F-AA-12,1,1
Live,CAFE,Neutral,neutral_F-AA-13,0.85,1
Online,CAFE,Neutral,neutral_F-AA-13,0.833333333,1
Live,CAFE,Neutral,neutral_F-AA-14,0.84,1
Online,CAFE,Neutral,neutral_F-AA-14,0.666666667,1
Live,CAFE,Neutral,neutral_F-AA-15,0.89,0
Live,CAFE,Neutral,neutral_F-AA-16,0.93,0
Live,CAFE,Neutral,neutral_F-AS-02,0.95,1
Online,CAFE,Neutral,neutral_F-AS-02,0.875,1
Live,CAFE,Neutral,neutral_F-AS-03,0.92,0
Live,CAFE,Neutral,neutral_F-AS-04,0.56,1
Online,CAFE,Neutral,neutral_F-AS-04,0.5,1
Live,CAFE,Neutral,neutral_F-AS-05,0.97,1
Online,CAFE,Neutral,neutral_F-AS-05,1,1
Live,CAFE,Neutral,neutral_F-AS-06,0.75,0
Live,CAFE,Neutral,neutral_F-AS-07,0.94,1
Online,CAFE,Neutral,neutral_F-AS-07,1,1
Live,CAFE,Neutral,neutral_F-AS-09,0.89,0
Live,CAFE,Neutral,neutral_F-EA-01,0.72,0
Live,CAFE,Neutral,neutral_F-EA-02,0.66,0
Live,CAFE,Neutral,neutral_F-EA-03,0.93,0
Live,CAFE,Neutral,neutral_F-EA-05b,0.92,0
Live,CAFE,Neutral,neutral_F-EA-06,0.84,1
Online,CAFE,Neutral,neutral_F-EA-06,0.75,1
Live,CAFE,Neutral,neutral_F-EA-11,0.9,0
Live,CAFE,Neutral,neutral_F-EA-12,0.86,1
Online,CAFE,Neutral,neutral_F-EA-12,1,1
Live,CAFE,Neutral,neutral_F-EA-13,0.88,0
Live,CAFE,Neutral,neutral_F-EA-14,0.78,0
Live,CAFE,Neutral,neutral_F-EA-15,0.88,0
Live,CAFE,Neutral,neutral_F-EA-17,0.93,0
Live,CAFE,Neutral,neutral_F-EA-18,0.93,0
Live,CAFE,Neutral,neutral_F-EA-19,0.75,0
Live,CAFE,Neutral,neutral_F-EA-19b-2,0.72,0
Live,CAFE,Neutral,neutral_F-EA-21,0.92,0
Live,CAFE,Neutral,neutral_F-EA-22,0.85,1
Online,CAFE,Neutral,neutral_F-EA-22,1,1
Live,CAFE,Neutral,neutral_F-EA-23,0.86,1
Online,CAFE,Neutral,neutral_F-EA-23,0.428571429,1
Live,CAFE,Neutral,neutral_F-EA-25,0.93,0
Live,CAFE,Neutral,neutral_F-EA-27,0.96,1
Online,CAFE,Neutral,neutral_F-EA-27,1,1
Live,CAFE,Neutral,neutral_F-EA-28,0.92,0
Live,CAFE,Neutral,neutral_F-EA-30,0.84,1
Online,CAFE,Neutral,neutral_F-EA-30,0.8,1
Live,CAFE,Neutral,neutral_F-EA-32,0.7,0
Live,CAFE,Neutral,neutral_F-EA-33,0.95,1
Online,CAFE,Neutral,neutral_F-EA-33,1,1
Live,CAFE,Neutral,neutral_F-EA-34,0.81,0
Live,CAFE,Neutral,neutral_F-EA-36,0.89,0
Live,CAFE,Neutral,neutral_F-EA-37,0.76,0
Live,CAFE,Neutral,neutral_F-EA-38,0.91,0
Live,CAFE,Neutral,neutral_F-EA-39,0.85,1
Online,CAFE,Neutral,neutral_F-EA-39,0.5625,1
Live,CAFE,Neutral,neutral_F-EA-40,0.91,0
Live,CAFE,Neutral,neutral_F-EA-41,0.83,1
Online,CAFE,Neutral,neutral_F-EA-41,0.8,1
Live,CAFE,Neutral,neutral_F-EA-42,0.87,1
Online,CAFE,Neutral,neutral_F-EA-42,1,1
Live,CAFE,Neutral,neutral_F-LA-01,0.93,0
Live,CAFE,Neutral,neutral_F-LA-03,0.82,0
Live,CAFE,Neutral,neutral_F-LA-05,0.9,0
Live,CAFE,Neutral,neutral_F-LA-06,0.94,1
Online,CAFE,Neutral,neutral_F-LA-06,1,1
Live,CAFE,Neutral,neutral_F-LA-07,0.76,0
Live,CAFE,Neutral,neutral_F-LA-08,0.91,0
Live,CAFE,Neutral,neutral_F-LA-09,0.87,0
Live,CAFE,Neutral,neutral_F-LA-10,0.92,0
Live,CAFE,Neutral,neutral_F-LA-11,0.94,1
Online,CAFE,Neutral,neutral_F-LA-11,0.8125,1
Live,CAFE,Neutral,neutral_F-LA-12,0.87,1
Online,CAFE,Neutral,neutral_F-LA-12,0.571428571,1
Live,CAFE,Neutral,neutral_F-LA-13,0.89,0
Live,CAFE,Neutral,neutral_F-SA-01,0.87,1
Online,CAFE,Neutral,neutral_F-SA-01,0.909090909,1
Live,CAFE,Neutral,neutral_F-SA-02,0.94,1
Online,CAFE,Neutral,neutral_F-SA-02,1,1
Live,CAFE,Neutral,neutral_F-SA-03,0.9,0
Live,CAFE,Neutral,neutral_F-SA-04,0.63,0
Live,CAFE,Neutral,neutral_F-SA-05,0.88,0
Live,CAFE,Neutral,neutral_F-SA-06,0.86,1
Online,CAFE,Neutral,neutral_F-SA-06,1,1
Live,CAFE,Neutral,neutral_F-SA-07,0.78,0
Live,CAFE,Neutral,neutral_F-SA-08,0.89,0
Live,CAFE,Neutral,neutral_F-SA-09,0.77,0
Live,CAFE,Neutral,neutral_F-SA-10,0.89,0
Live,CAFE,Neutral,neutral_M-AA-01,0.88,0
Live,CAFE,Neutral,neutral_M-AA-02,0.76,0
Live,CAFE,Neutral,neutral_M-AA-03,0.9,0
Live,CAFE,Neutral,neutral_M-AA-04,0.54,1
Online,CAFE,Neutral,neutral_M-AA-04,0.222222222,1
Live,CAFE,Neutral,neutral_M-AA-05,0.82,0
Live,CAFE,Neutral,neutral_M-AA-06,0.81,0
Live,CAFE,Neutral,neutral_M-AA-07,0.8,0
Live,CAFE,Neutral,neutral_M-AA-08,0.85,1
Online,CAFE,Neutral,neutral_M-AA-08,0.3125,1
Live,CAFE,Neutral,neutral_M-AA-09,0.88,0
Live,CAFE,Neutral,neutral_M-AA-10,0.58,1
Online,CAFE,Neutral,neutral_M-AA-10,0.454545455,1
Live,CAFE,Neutral,neutral_M-AS-01,0.9,0
Live,CAFE,Neutral,neutral_M-AS-02,0.94,1
Online,CAFE,Neutral,neutral_M-AS-02,0.666666667,1
Live,CAFE,Neutral,neutral_M-AS-03,0.85,1
Online,CAFE,Neutral,neutral_M-AS-03,0.666666667,1
Live,CAFE,Neutral,neutral_M-AS-04,0.91,0
Live,CAFE,Neutral,neutral_M-AS-06,0.93,0
Live,CAFE,Neutral,neutral_M-AS-07,0.9,0
Live,CAFE,Neutral,neutral_M-EA-01,0.77,0
Live,CAFE,Neutral,neutral_M-EA-02,0.93,1
Online,CAFE,Neutral,neutral_M-EA-02,0.7,1
Live,CAFE,Neutral,neutral_M-EA-04,0.97,1
Online,CAFE,Neutral,neutral_M-EA-04,0.909090909,1
Live,CAFE,Neutral,neutral_M-EA-05,0.74,0
Live,CAFE,Neutral,neutral_M-EA-06b,0.92,0
Live,CAFE,Neutral,neutral_M-EA-07,0.66,0
Live,CAFE,Neutral,neutral_M-EA-08,0.88,0
Live,CAFE,Neutral,neutral_M-EA-10,0.9,0
Live,CAFE,Neutral,neutral_M-EA-11,0.76,0
Live,CAFE,Neutral,neutral_M-EA-12,0.92,0
Live,CAFE,Neutral,neutral_M-EA-13,0.82,0
Live,CAFE,Neutral,neutral_M-EA-14,0.93,0
Live,CAFE,Neutral,neutral_M-EA-15,0.88,0
Live,CAFE,Neutral,neutral_M-EA-16,0.61,0
Live,CAFE,Neutral,neutral_M-EA-17,0.95,1
Online,CAFE,Neutral,neutral_M-EA-17,0.888888889,1
Live,CAFE,Neutral,neutral_M-EA-18,0.95,1
Online,CAFE,Neutral,neutral_M-EA-18,0.833333333,1
Live,CAFE,Neutral,neutral_M-EA-20,0.76,0
Live,CAFE,Neutral,neutral_M-EA-21,0.91,0
Live,CAFE,Neutral,neutral_M-EA-22,0.84,1
Online,CAFE,Neutral,neutral_M-EA-22,0.714285714,1
Live,CAFE,Neutral,neutral_M-EA-23,0.93,0
Live,CAFE,Neutral,neutral_M-EA-24,0.91,0
Live,CAFE,Neutral,neutral_M-EA-25,0.67,0
Live,CAFE,Neutral,neutral_M-EA-26,0.93,0
Live,CAFE,Neutral,neutral_M-EA-27,0.96,1
Online,CAFE,Neutral,neutral_M-EA-27,1,1
Live,CAFE,Neutral,neutral_M-EA-29,0.82,0
Live,CAFE,Neutral,neutral_M-EA-32,0.95,1
Online,CAFE,Neutral,neutral_M-EA-32,1,1
Live,CAFE,Neutral,neutral_M-EA-34,0.88,0
Live,CAFE,Neutral,neutral_M-EA-35,0.85,1
Online,CAFE,Neutral,neutral_M-EA-35,0.555555556,1
Live,CAFE,Neutral,neutral_M-EA-36,0.88,0
Live,CAFE,Neutral,neutral_M-EA-37,0.71,0
Live,CAFE,Neutral,neutral_M-EA-38,0.81,0
Live,CAFE,Neutral,neutral_M-LA-01,0.94,1
Online,CAFE,Neutral,neutral_M-LA-01,1,1
Live,CAFE,Neutral,neutral_M-LA-02,0.9,0
Live,CAFE,Neutral,neutral_M-LA-03,0.92,0
Live,CAFE,Neutral,neutral_M-LA-04,0.84,1
Online,CAFE,Neutral,neutral_M-LA-04,0.571428571,1
Live,CAFE,Neutral,neutral_M-LA-05,0.95,1
Online,CAFE,Neutral,neutral_M-LA-05,0.833333333,1
Live,CAFE,Neutral,neutral_M-LA-06,0.92,0
Live,CAFE,Neutral,neutral_M-LA-07,0.74,0
Live,CAFE,Neutral,neutral_M-LA-08,0.92,0
Live,CAFE,Neutral,neutral_M-LA-09,0.9,0
Live,CAFE,Neutral,neutral_M-LA-10,0.93,1
Online,CAFE,Neutral,neutral_M-LA-10,0.7,1
Online,Google,Neutral,neutral17,0.777777778,0
Online,Google,Neutral,neutral18,1,0
Live,CAFE,Neutral,neutralopen_F-AA-01,0.6,1
Online,CAFE,Neutral,neutralopen_F-AA-01,0.545454545,1
Live,CAFE,Neutral,neutralopen_F-AA-03,0.17,0
Live,CAFE,Neutral,neutralopen_F-AA-06,0.63,0
Live,CAFE,Neutral,neutralopen_F-AA-07,0.47,1
Online,CAFE,Neutral,neutralopen_F-AA-07,0.5,1
Live,CAFE,Neutral,neutralopen_F-AA-08,0.39,0
Live,CAFE,Neutral,neutralopen_F-AA-10,0.46,1
Online,CAFE,Neutral,neutralopen_F-AA-10,0.142857143,1
Live,CAFE,Neutral,neutralopen_F-AA-11,0.52,1
Online,CAFE,Neutral,neutralopen_F-AA-11,0.1875,1
Live,CAFE,Neutral,neutralopen_F-AA-12,0.13,0
Live,CAFE,Neutral,neutralopen_F-AA-13,0.15,0
Live,CAFE,Neutral,neutralopen_F-AA-14,0.33,0
Live,CAFE,Neutral,neutralopen_F-AA-15,0.33,0
Live,CAFE,Neutral,neutralopen_F-AA-16,0.76,0
Live,CAFE,Neutral,neutralopen_F-AS-01,0.53,1
Online,CAFE,Neutral,neutralopen_F-AS-01,0.222222222,1
Live,CAFE,Neutral,neutralopen_F-AS-02,0.72,0
Live,CAFE,Neutral,neutralopen_F-AS-03,0.43,1
Online,CAFE,Neutral,neutralopen_F-AS-03,0.6,1
Live,CAFE,Neutral,neutralopen_F-AS-04,0.1,0
Live,CAFE,Neutral,neutralopen_F-AS-05,0.11,0
Live,CAFE,Neutral,neutralopen_F-AS-06,0.4,0
Live,CAFE,Neutral,neutralopen_F-AS-07,0.02,0
Live,CAFE,Neutral,neutralopen_F-AS-08,0.34,0
Live,CAFE,Neutral,neutralopen_F-AS-09,0.73,0
Live,CAFE,Neutral,neutralopen_F-EA-01,0.39,0
Live,CAFE,Neutral,neutralopen_F-EA-02,0.54,1
Online,CAFE,Neutral,neutralopen_F-EA-02,0.833333333,1
Live,CAFE,Neutral,neutralopen_F-EA-03,0.66,0
Live,CAFE,Neutral,neutralopen_F-EA-07,0.49,1
Online,CAFE,Neutral,neutralopen_F-EA-07,0.666666667,1
Live,CAFE,Neutral,neutralopen_F-EA-09,0.65,0
Live,CAFE,Neutral,neutralopen_F-EA-11,0.28,0
Live,CAFE,Neutral,neutralopen_F-EA-14,0.64,0
Live,CAFE,Neutral,neutralopen_F-EA-15,0.57,1
Online,CAFE,Neutral,neutralopen_F-EA-15,0.285714286,1
Live,CAFE,Neutral,neutralopen_F-EA-17,0.63,0
Live,CAFE,Neutral,neutralopen_F-EA-18,0.74,0
Live,CAFE,Neutral,neutralopen_F-EA-19,0.11,0
Live,CAFE,Neutral,neutralopen_F-EA-21,0.58,1
Online,CAFE,Neutral,neutralopen_F-EA-21,0.571428571,1
Live,CAFE,Neutral,neutralopen_F-EA-23,0.24,0
Live,CAFE,Neutral,neutralopen_F-EA-25,0.81,0
Live,CAFE,Neutral,neutralopen_F-EA-26,0,0
Live,CAFE,Neutral,neutralopen_F-EA-27,0.31,0
Live,CAFE,Neutral,neutralopen_F-EA-30,0.84,1
Online,CAFE,Neutral,neutralopen_F-EA-30,1,1
Live,CAFE,Neutral,neutralopen_F-EA-33,0.51,1
Online,CAFE,Neutral,neutralopen_F-EA-33,0.1875,1
Live,CAFE,Neutral,neutralopen_F-EA-36,0.03,0
Live,CAFE,Neutral,neutralopen_F-EA-37,0.15,0
Live,CAFE,Neutral,neutralopen_F-EA-39,0.4,0
Live,CAFE,Neutral,neutralopen_F-EA-40,0.67,0
Live,CAFE,Neutral,neutralopen_F-LA-01,0.56,1
Online,CAFE,Neutral,neutralopen_F-LA-01,0,1
Live,CAFE,Neutral,neutralopen_F-LA-03,0.21,0
Live,CAFE,Neutral,neutralopen_F-LA-04,0.07,0
Live,CAFE,Neutral,neutralopen_F-LA-05,0.25,0
Live,CAFE,Neutral,neutralopen_F-LA-08,0.29,0
Live,CAFE,Neutral,neutralopen_F-LA-09,0.15,0
Live,CAFE,Neutral,neutralopen_F-LA-10,0.17,0
Live,CAFE,Neutral,neutralopen_F-LA-11,0.37,0
Live,CAFE,Neutral,neutralopen_F-LA-13,0.26,0
Live,CAFE,Neutral,neutralopen_F-PI-01,0.33,0
Live,CAFE,Neutral,neutralopen_F-SA-01,0.09,0
Live,CAFE,Neutral,neutralopen_F-SA-02,0.18,0
Live,CAFE,Neutral,neutralopen_F-SA-03,0.17,0
Live,CAFE,Neutral,neutralopen_F-SA-04,0.17,0
Live,CAFE,Neutral,neutralopen_F-SA-06,0.23,0
Live,CAFE,Neutral,neutralopen_F-SA-07,0.24,0
Live,CAFE,Neutral,neutralopen_F-SA-08,0.28,0
Live,CAFE,Neutral,neutralopen_F-SA-09,0.21,0
Live,CAFE,Neutral,neutralopen_M-AA-02,0.81,0
Live,CAFE,Neutral,neutralopen_M-AA-04,0.37,0
Live,CAFE,Neutral,neutralopen_M-AA-05,0.05,0
Live,CAFE,Neutral,neutralopen_M-AA-06,0.05,0
Live,CAFE,Neutral,neutralopen_M-AA-07,0.46,1
Online,CAFE,Neutral,neutralopen_M-AA-07,0.142857143,1
Live,CAFE,Neutral,neutralopen_M-AA-08,0.56,1
Online,CAFE,Neutral,neutralopen_M-AA-08,0.166666667,1
Live,CAFE,Neutral,neutralopen_M-AA-09,0.4,0
Live,CAFE,Neutral,neutralopen_M-AS-01,0.79,0
Live,CAFE,Neutral,neutralopen_M-AS-02,0.24,0
Live,CAFE,Neutral,neutralopen_M-AS-03,0.35,0
Live,CAFE,Neutral,neutralopen_M-AS-04,0.28,0
Live,CAFE,Neutral,neutralopen_M-AS-07,0.64,0
Live,CAFE,Neutral,neutralopen_M-EA-02,0.62,0
Live,CAFE,Neutral,neutralopen_M-EA-03,0.79,0
Live,CAFE,Neutral,neutralopen_M-EA-06b,0.12,0
Live,CAFE,Neutral,neutralopen_M-EA-07,0.23,0
Live,CAFE,Neutral,neutralopen_M-EA-08,0.35,0
Live,CAFE,Neutral,neutralopen_M-EA-09,0.42,1
Online,CAFE,Neutral,neutralopen_M-EA-09,0.6,1
Live,CAFE,Neutral,neutralopen_M-EA-10,0.06,0
Live,CAFE,Neutral,neutralopen_M-EA-15,0.23,0
Live,CAFE,Neutral,neutralopen_M-EA-20,0.74,0
Live,CAFE,Neutral,neutralopen_M-EA-21,0.63,0
Live,CAFE,Neutral,neutralopen_M-EA-24,0.73,0
Live,CAFE,Neutral,neutralopen_M-EA-25,0.67,0
Live,CAFE,Neutral,neutralopen_M-EA-26,0.62,0
Live,CAFE,Neutral,neutralopen_M-EA-27,0.77,0
Live,CAFE,Neutral,neutralopen_M-EA-29,0.14,0
Live,CAFE,Neutral,neutralopen_M-EA-30,0.21,0
Live,CAFE,Neutral,neutralopen_M-EA-32,0.29,0
Live,CAFE,Neutral,neutralopen_M-EA-34,0.22,0
Live,CAFE,Neutral,neutralopen_M-EA-35,0.27,0
Live,CAFE,Neutral,neutralopen_M-EA-37,0.68,0
Live,CAFE,Neutral,neutralopen_M-LA-02,0.23,0
Live,CAFE,Neutral,neutralopen_M-LA-03,0.5,1
Online,CAFE,Neutral,neutralopen_M-LA-03,0.444444444,1
Live,CAFE,Neutral,neutralopen_M-LA-04,0.48,1
Online,CAFE,Neutral,neutralopen_M-LA-04,0.375,1
Live,CAFE,Neutral,neutralopen_M-LA-05,0.29,0
Live,CAFE,Neutral,neutralopen_M-LA-06,0.95,1
Online,CAFE,Neutral,neutralopen_M-LA-06,0.833333333,1
Live,CAFE,Neutral,neutralopen_M-LA-07,0.7,0
Live,CAFE,Neutral,neutralopen_M-LA-08,0.22,0
Live,CAFE,Neutral,neutralopen_M-LA-09,0.35,0
Online,Emoji,Sad,sad_emoji,0.93258427,0
Live,CAFE,Sad,sad_F-AA-01,0.82,0
Live,CAFE,Sad,sad_F-AA-02,0.92,1
Online,CAFE,Sad,sad_F-AA-02,0.833333333,1
Live,CAFE,Sad,sad_F-AA-03,0.92,1
Online,CAFE,Sad,sad_F-AA-03,0.833333333,1
Live,CAFE,Sad,sad_F-AA-06,0.21,0
Live,CAFE,Sad,sad_F-AA-07,0.92,1
Online,CAFE,Sad,sad_F-AA-07,1,1
Live,CAFE,Sad,sad_F-AA-08,0.44,1
Online,CAFE,Sad,sad_F-AA-08,0.3125,1
Live,CAFE,Sad,sad_F-AA-09,0.87,1
Online,CAFE,Sad,sad_F-AA-09,0.857142857,1
Live,CAFE,Sad,sad_F-AA-12,0.75,1
Online,CAFE,Sad,sad_F-AA-12,0.166666667,1
Live,CAFE,Sad,sad_F-AA-13,0.8,0
Live,CAFE,Sad,sad_F-AA-15,0.85,0
Live,CAFE,Sad,sad_F-AS-01,0.71,1
Online,CAFE,Sad,sad_F-AS-01,0.555555556,1
Live,CAFE,Sad,sad_F-AS-03,0.56,0
Live,CAFE,Sad,sad_F-AS-04,0.5,1
Online,CAFE,Sad,sad_F-AS-04,0.333333333,1
Live,CAFE,Sad,sad_F-AS-08,0.73,1
Online,CAFE,Sad,sad_F-AS-08,0.444444444,1
Live,CAFE,Sad,sad_F-EA-01,0.64,0
Live,CAFE,Sad,sad_F-EA-02,0.91,1
Online,CAFE,Sad,sad_F-EA-02,0.888888889,1
Live,CAFE,Sad,sad_F-EA-04,0.49,1
Online,CAFE,Sad,sad_F-EA-04,0.333333333,1
Live,CAFE,Sad,sad_F-EA-07,0.59,0
Live,CAFE,Sad,sad_F-EA-12,0.88,1
Online,CAFE,Sad,sad_F-EA-12,1,1
Live,CAFE,Sad,sad_F-EA-15,0.87,1
Online,CAFE,Sad,sad_F-EA-15,1,1
Live,CAFE,Sad,sad_F-EA-21,0.85,0
Live,CAFE,Sad,sad_F-EA-24,0.8,0
Live,CAFE,Sad,sad_F-EA-25,0.63,0
Live,CAFE,Sad,sad_F-EA-30,0.96,1
Online,CAFE,Sad,sad_F-EA-30,0.909090909,1
Live,CAFE,Sad,sad_F-EA-31,0.95,1
Online,CAFE,Sad,sad_F-EA-31,1,1
Live,CAFE,Sad,sad_F-EA-32,0.73,1
Online,CAFE,Sad,sad_F-EA-32,0.777777778,1
Live,CAFE,Sad,sad_F-EA-42,0.54,1
Online,CAFE,Sad,sad_F-EA-42,0.272727273,1
Live,CAFE,Sad,sad_F-LA-03,0.88,1
Online,CAFE,Sad,sad_F-LA-03,0.777777778,1
Live,CAFE,Sad,sad_F-LA-04,0.89,1
Online,CAFE,Sad,sad_F-LA-04,0.8125,1
Live,CAFE,Sad,sad_F-LA-05,0.87,1
Online,CAFE,Sad,sad_F-LA-05,0.6,1
Live,CAFE,Sad,sad_F-LA-07,0.78,0
Live,CAFE,Sad,sad_F-LA-10,0.69,1
Online,CAFE,Sad,sad_F-LA-10,0.25,1
Live,CAFE,Sad,sad_F-LA-11,0.85,0
Live,CAFE,Sad,sad_F-LA-12,0.64,1
Online,CAFE,Sad,sad_F-LA-12,0.4,1
Live,CAFE,Sad,sad_F-SA-01,0.78,0
Live,CAFE,Sad,sad_F-SA-03,0.51,1
Online,CAFE,Sad,sad_F-SA-03,0.142857143,1
Live,CAFE,Sad,sad_F-SA-04,0.72,1
Online,CAFE,Sad,sad_F-SA-04,0.555555556,1
Live,CAFE,Sad,sad_F-SA-06,0.76,1
Online,CAFE,Sad,sad_F-SA-06,0.272727273,1
Live,CAFE,Sad,sad_F-SA-07,0.69,1
Online,CAFE,Sad,sad_F-SA-07,0.5,1
Live,CAFE,Sad,sad_F-SA-08,0.96,1
Online,CAFE,Sad,sad_F-SA-08,0.818181818,1
Live,CAFE,Sad,sad_M-AA-03,0.85,0
Live,CAFE,Sad,sad_M-AA-04,0.58,0
Live,CAFE,Sad,sad_M-AA-06,0.82,0
Live,CAFE,Sad,sad_M-AA-09,0.74,1
Online,CAFE,Sad,sad_M-AA-09,0.666666667,1
Live,CAFE,Sad,sad_M-AA-10,0.88,1
Online,CAFE,Sad,sad_M-AA-10,0.888888889,1
Live,CAFE,Sad,sad_M-AA-11,0.86,1
Online,CAFE,Sad,sad_M-AA-11,0.6,1
Live,CAFE,Sad,sad_M-AS-01,0.8,0
Live,CAFE,Sad,sad_M-AS-04,0.85,0
Live,CAFE,Sad,sad_M-AS-06,0.45,1
Online,CAFE,Sad,sad_M-AS-06,0.5,1
Live,CAFE,Sad,sad_M-EA-07,0.95,1
Online,CAFE,Sad,sad_M-EA-07,1,1
Live,CAFE,Sad,sad_M-EA-17,0.74,1
Online,CAFE,Sad,sad_M-EA-17,0.666666667,1
Live,CAFE,Sad,sad_M-EA-20,0.56,0
Live,CAFE,Sad,sad_M-EA-26,0.89,0
Live,CAFE,Sad,sad_M-EA-32,0.82,0
Live,CAFE,Sad,sad_M-EA-34,0.89,1
Online,CAFE,Sad,sad_M-EA-34,1,1
Live,CAFE,Sad,sad_M-EA-37,0.88,1
Online,CAFE,Sad,sad_M-EA-37,0.875,1
Live,CAFE,Sad,sad_M-EA-38,0.77,0
Live,CAFE,Sad,sad_M-LA-02,0.81,0
Live,CAFE,Sad,sad_M-LA-05,0.55,0
Live,CAFE,Sad,sad_M-LA-08,0.75,1
Online,CAFE,Sad,sad_M-LA-08,0.428571429,1
Live,CAFE,Sad,sad_M-LA-09,0.75,1
Online,CAFE,Sad,sad_M-LA-09,1,1
Live,CAFE,Sad,sad_M-LA-10,0.56,0
Online,Google,Sad,sad100,0.375,0
Online,Google,Sad,sad11,0.555555556,0
Online,Google,Sad,sad12,0,0
Online,Google,Sad,sad15,0.714285714,0
Online,Google,Sad,sad16,0.75,0
Online,Google,Sad,sad18,0.625,0
Online,Google,Sad,sad22,0.75,0
Online,Google,Sad,sad23,0.571428571,0
Online,Google,Sad,sad24,0.3,0
Online,Google,Sad,sad25,0.571428571,0
Online,Google,Sad,sad27,0.555555556,0
Online,Google,Sad,sad28,1,0
Online,Google,Sad,sad29,0.5,0
Online,Google,Sad,sad30,0.7,0
Online,Google,Sad,sad32,0.5,0
Online,Google,Sad,sad33,0.363636364,0
Online,Google,Sad,sad34,0.4,0
Online,Google,Sad,sad35,0,0
Online,Google,Sad,sad36,0.7,0
Online,Google,Sad,sad37,0.333333333,0
Online,Google,Sad,sad38,1,0
Online,Google,Sad,sad39,0.555555556,0
Online,Google,Sad,sad4,0.888888889,0
Online,Google,Sad,sad41,0.090909091,0
Online,Google,Sad,sad42,0.5,0
Online,Google,Sad,sad44,0.125,0
Online,Google,Sad,sad45,0.166666667,0
Online,Google,Sad,sad46,1,0
Online,Google,Sad,sad47,0.111111111,0
Online,Google,Sad,sad48,1,0
Online,Google,Sad,sad49,0.5,0
Online,Google,Sad,sad5,0.625,0
Online,Google,Sad,sad50,0.909090909,0
Online,Google,Sad,sad52,0.444444444,0
Online,Google,Sad,sad53,1,0
Online,Google,Sad,sad54,1,0
Online,Google,Sad,sad55,0.285714286,0
Online,Google,Sad,sad57,0,0
Online,Google,Sad,sad58,0.25,0
Online,Google,Sad,sad59,0.25,0
Online,Google,Sad,sad6,1,0
Online,Google,Sad,sad61,0.5,0
Online,Google,Sad,sad62,1,0
Online,Google,Sad,sad63,0.222222222,0
Online,Google,Sad,sad64,0,0
Online,Google,Sad,sad65,1,0
Online,Google,Sad,sad66,0.125,0
Online,Google,Sad,sad67,0.714285714,0
Online,Google,Sad,sad69,0.222222222,0
Online,Google,Sad,sad70,0.166666667,0
Online,Google,Sad,sad71,0,0
Online,Google,Sad,sad72,0,0
Online,Google,Sad,sad74,0.125,0
Online,Google,Sad,sad75,0.272727273,0
Online,Google,Sad,sad76,0.428571429,0
Online,Google,Sad,sad77,0.25,0
Online,Google,Sad,sad78,0.555555556,0
Online,Google,Sad,sad79,0.142857143,0
Online,Google,Sad,sad8,1,0
Online,Google,Sad,sad80,0.714285714,0
Online,Google,Sad,sad85,0.333333333,0
Online,Google,Sad,sad86,0.714285714,0
Online,Google,Sad,sad87,0.833333333,0
Online,Google,Sad,sad88,0.625,0
Online,Google,Sad,sad89,0,0
Online,Google,Sad,sad9,0.5,0
Online,Google,Sad,sad90,0.166666667,0
Online,Google,Sad,sad91,1,0
Online,Google,Sad,sad92,0.571428571,0
Online,Google,Sad,sad94,0.7,0
Online,Google,Sad,sad95,0.181818182,0
Online,Google,Sad,sad97,1,0
Online,Google,Sad,sad98,0,0
Online,Google,Sad,sad99,0.727272727,0
Live,CAFE,Sad,sadopen_F-AA-01,0.43,1
Online,CAFE,Sad,sadopen_F-AA-01,0.555555556,1
Live,CAFE,Sad,sadopen_F-AA-03,0.3,0
Live,CAFE,Sad,sadopen_F-AA-06,0.12,0
Live,CAFE,Sad,sadopen_F-AA-09,0.23,0
Live,CAFE,Sad,sadopen_F-AA-10,0.26,0
Live,CAFE,Sad,sadopen_F-AA-12,0.12,0
Live,CAFE,Sad,sadopen_F-AA-13,0.12,0
Live,CAFE,Sad,sadopen_F-AA-15,0.72,1
Online,CAFE,Sad,sadopen_F-AA-15,0.625,1
Live,CAFE,Sad,sadopen_F-AS-02,0.32,0
Live,CAFE,Sad,sadopen_F-AS-04,0.65,1
Online,CAFE,Sad,sadopen_F-AS-04,0.857142857,1
Live,CAFE,Sad,sadopen_F-AS-08,0.27,0
Live,CAFE,Sad,sadopen_F-AS-09,0.36,1
Online,CAFE,Sad,sadopen_F-AS-09,0.142857143,1
Live,CAFE,Sad,sadopen_F-EA-02,0.64,0
Live,CAFE,Sad,sadopen_F-EA-07,0.29,0
Live,CAFE,Sad,sadopen_F-EA-15,0.63,0
Live,CAFE,Sad,sadopen_F-EA-30,0.74,1
Online,CAFE,Sad,sadopen_F-EA-30,0.5,1
Live,CAFE,Sad,sadopen_F-EA-31,0.46,1
Online,CAFE,Sad,sadopen_F-EA-31,0.333333333,1
Live,CAFE,Sad,sadopen_F-EA-33,0.5,1
Online,CAFE,Sad,sadopen_F-EA-33,0.166666667,1
Live,CAFE,Sad,sadopen_F-EA-42,0.39,1
Online,CAFE,Sad,sadopen_F-EA-42,0.5,1
Live,CAFE,Sad,sadopen_F-LA-01,0.2,0
Live,CAFE,Sad,sadopen_F-LA-03,0.43,1
Online,CAFE,Sad,sadopen_F-LA-03,0.222222222,1
Live,CAFE,Sad,sadopen_F-LA-04,0.63,0
Live,CAFE,Sad,sadopen_F-LA-05,0.08,0
Live,CAFE,Sad,sadopen_F-LA-11,0.58,0
Live,CAFE,Sad,sadopen_F-SA-02,0.64,1
Online,CAFE,Sad,sadopen_F-SA-02,0.7,1
Live,CAFE,Sad,sadopen_F-SA-03,0.52,1
Online,CAFE,Sad,sadopen_F-SA-03,0.272727273,1
Live,CAFE,Sad,sadopen_F-SA-04,0.34,1
Online,CAFE,Sad,sadopen_F-SA-04,0.1,1
Live,CAFE,Sad,sadopen_F-SA-08,0.62,0
Live,CAFE,Sad,sadopen_F-SA-09,0.51,1
Online,CAFE,Sad,sadopen_F-SA-09,0.142857143,1
Live,CAFE,Sad,sadopen_F-SA-10,0.38,1
Online,CAFE,Sad,sadopen_F-SA-10,0,1
Live,CAFE,Sad,sadopen_M-AA-03,0.48,1
Online,CAFE,Sad,sadopen_M-AA-03,0.333333333,1
Live,CAFE,Sad,sadopen_M-AA-04,0.38,1
Online,CAFE,Sad,sadopen_M-AA-04,0,1
Live,CAFE,Sad,sadopen_M-AA-06,0.11,0
Live,CAFE,Sad,sadopen_M-AA-09,0.17,0
Live,CAFE,Sad,sadopen_M-AS-01,0.61,0
Live,CAFE,Sad,sadopen_M-AS-02,0.63,0
Live,CAFE,Sad,sadopen_M-AS-06,0.12,0
Live,CAFE,Sad,sadopen_M-EA-06b,0.95,1
Online,CAFE,Sad,sadopen_M-EA-06b,0.857142857,1
Live,CAFE,Sad,sadopen_M-EA-13,0.76,1
Online,CAFE,Sad,sadopen_M-EA-13,0.545454545,1
Live,CAFE,Sad,sadopen_M-EA-20,0.48,1
Online,CAFE,Sad,sadopen_M-EA-20,0.333333333,1
Live,CAFE,Sad,sadopen_M-EA-26,0.33,0
Live,CAFE,Sad,sadopen_M-EA-32,0.8,0
Live,CAFE,Sad,sadopen_M-EA-34,0.68,1
Online,CAFE,Sad,sadopen_M-EA-34,0.428571429,1
Live,CAFE,Sad,sadopen_M-EA-38,0.61,0
Live,CAFE,Sad,sadopen_M-LA-08,0.33,1
Online,CAFE,Sad,sadopen_M-LA-08,0.3,1
Live,CAFE,Sad,sadopen_M-LA-09,0.72,1
Online,CAFE,Sad,sadopen_M-LA-09,0.75,1
Online,Google,Neutral,serious11,0.727272727,0
Online,Google,Neutral,serious12,0,0
Online,Google,Neutral,serious13,0.428571429,0
Online,Google,Neutral,serious19,0.888888889,0
Online,Google,Neutral,serious20,1,0
Online,Google,Neutral,serious21,0.888888889,0
Online,Google,Neutral,serious22,0.6,0
Online,Google,Neutral,serious23,0.777777778,0
Online,Google,Neutral,serious24,0.2,0
Online,Google,Neutral,serious25,0.727272727,0
Online,Google,Neutral,serious27,0.666666667,0
Online,Google,Neutral,serious41,0.8125,0
Online,Google,Neutral,serious42,1,0
Online,Google,Neutral,serious43,0.571428571,0
Online,Google,Neutral,serious44,0.142857143,0
Online,Google,Neutral,serious46,0,0
Online,Google,Neutral,serious49,0.7,0
Online,Google,Neutral,serious50,1,0
Online,Google,Neutral,serious51,1,0
Online,Google,Neutral,serious52,0.5,0
Online,Google,Neutral,serious54,0.666666667,0
Online,Google,Neutral,serious6,0.6875,0
Online,Google,Neutral,serious7,0.833333333,0
Online,Emoji,Surprise,surprise_emoji,0.943820225,0
Live,CAFE,Surprise,surprise_F-AA-01,0.67,0
Live,CAFE,Surprise,surprise_F-AA-02,0.93,1
Online,CAFE,Surprise,surprise_F-AA-02,1,1
Live,CAFE,Surprise,surprise_F-AA-03,0.63,1
Online,CAFE,Surprise,surprise_F-AA-03,0.5,1
Live,CAFE,Surprise,surprise_F-AA-04,0.49,0
Live,CAFE,Surprise,surprise_F-AA-06,0.84,1
Online,CAFE,Surprise,surprise_F-AA-06,0.9,1
Live,CAFE,Surprise,surprise_F-AA-07,0.78,1
Online,CAFE,Surprise,surprise_F-AA-07,0.857142857,1
Live,CAFE,Surprise,surprise_F-AA-08,0.67,0
Live,CAFE,Surprise,surprise_F-AA-09,0.68,0
Live,CAFE,Surprise,surprise_F-AA-10,0.64,1
Online,CAFE,Surprise,surprise_F-AA-10,1,1
Live,CAFE,Surprise,surprise_F-AA-11,0.49,0
Live,CAFE,Surprise,surprise_F-AA-12,0.68,0
Live,CAFE,Surprise,surprise_F-AA-13,0.72,1
Online,CAFE,Surprise,surprise_F-AA-13,0.5,1
Live,CAFE,Surprise,surprise_F-AA-14,0.7,0
Live,CAFE,Surprise,surprise_F-AA-15,0.74,0
Live,CAFE,Surprise,surprise_F-AA-16,0.68,0
Live,CAFE,Surprise,surprise_F-AS-02,0.73,1
Online,CAFE,Surprise,surprise_F-AS-02,0.75,1
Live,CAFE,Surprise,surprise_F-AS-03,0.74,1
Online,CAFE,Surprise,surprise_F-AS-03,0.666666667,1
Live,CAFE,Surprise,surprise_F-AS-04,0.7,0
Live,CAFE,Surprise,surprise_F-AS-05,0.68,0
Live,CAFE,Surprise,surprise_F-AS-06,0.81,0
Live,CAFE,Surprise,surprise_F-AS-07,0.83,0
Live,CAFE,Surprise,surprise_F-AS-08,0.5,0
Live,CAFE,Surprise,surprise_F-AS-09,0.91,1
Online,CAFE,Surprise,surprise_F-AS-09,1,1
Live,CAFE,Surprise,surprise_F-EA-01,0.62,1
Online,CAFE,Surprise,surprise_F-EA-01,0.777777778,1
Live,CAFE,Surprise,surprise_F-EA-05,0.69,0
Live,CAFE,Surprise,surprise_F-EA-07,0.61,1
Online,CAFE,Surprise,surprise_F-EA-07,1,1
Live,CAFE,Surprise,surprise_F-EA-08,0.6,1
Online,CAFE,Surprise,surprise_F-EA-08,0.5,1
Live,CAFE,Surprise,surprise_F-EA-12,0.57,0
Live,CAFE,Surprise,surprise_F-EA-14,0.88,0
Live,CAFE,Surprise,surprise_F-EA-15,0.84,1
Online,CAFE,Surprise,surprise_F-EA-15,0.7,1
Live,CAFE,Surprise,surprise_F-EA-16,0.57,0
Live,CAFE,Surprise,surprise_F-EA-20,0.66,1
Online,CAFE,Surprise,surprise_F-EA-20,0.454545455,1
Live,CAFE,Surprise,surprise_F-EA-21,0.81,0
Live,CAFE,Surprise,surprise_F-EA-23,0.66,1
Online,CAFE,Surprise,surprise_F-EA-23,0.857142857,1
Live,CAFE,Surprise,surprise_F-EA-24,0.65,1
Online,CAFE,Surprise,surprise_F-EA-24,1,1
Live,CAFE,Surprise,surprise_F-EA-27,0.97,1
Online,CAFE,Surprise,surprise_F-EA-27,0.818181818,1
Live,CAFE,Surprise,surprise_F-EA-28,0.51,0
Live,CAFE,Surprise,surprise_F-EA-29,0.58,1
Online,CAFE,Surprise,surprise_F-EA-29,0.5,1
Live,CAFE,Surprise,surprise_F-EA-30,0.55,0
Live,CAFE,Surprise,surprise_F-EA-32,0.68,0
Live,CAFE,Surprise,surprise_F-EA-33,0.73,1
Online,CAFE,Surprise,surprise_F-EA-33,0.625,1
Live,CAFE,Surprise,surprise_F-EA-36,0.78,1
Online,CAFE,Surprise,surprise_F-EA-36,0.571428571,1
Live,CAFE,Surprise,surprise_F-EA-38,0.85,1
Online,CAFE,Surprise,surprise_F-EA-38,1,1
Live,CAFE,Surprise,surprise_F-EA-39,0.54,0
Live,CAFE,Surprise,surprise_F-EA-41,0.67,0
Live,CAFE,Surprise,surprise_F-EA-42,0.75,1
Online,CAFE,Surprise,surprise_F-EA-42,0.833333333,1
Live,CAFE,Surprise,surprise_F-LA-01,0.79,1
Online,CAFE,Surprise,surprise_F-LA-01,0.818181818,1
Live,CAFE,Surprise,surprise_F-LA-02,0.6,1
Online,CAFE,Surprise,surprise_F-LA-02,0.75,1
Live,CAFE,Surprise,surprise_F-LA-03,0.58,1
Online,CAFE,Surprise,surprise_F-LA-03,0.714285714,1
Live,CAFE,Surprise,surprise_F-LA-05,0.8,0
Live,CAFE,Surprise,surprise_F-LA-06,0.7,1
Online,CAFE,Surprise,surprise_F-LA-06,0.4,1
Live,CAFE,Surprise,surprise_F-LA-07,0.86,1
Online,CAFE,Surprise,surprise_F-LA-07,0.777777778,1
Live,CAFE,Surprise,surprise_F-LA-10,0.54,0
Live,CAFE,Surprise,surprise_F-LA-13,0.78,1
Online,CAFE,Surprise,surprise_F-LA-13,0.666666667,1
Live,CAFE,Surprise,surprise_F-PI-01,0.92,1
Online,CAFE,Surprise,surprise_F-PI-01,0.833333333,1
Live,CAFE,Surprise,surprise_F-SA-01,0.55,0
Live,CAFE,Surprise,surprise_F-SA-02,0.61,1
Online,CAFE,Surprise,surprise_F-SA-02,0.8125,1
Live,CAFE,Surprise,surprise_F-SA-03,0.71,1
Online,CAFE,Surprise,surprise_F-SA-03,1,1
Live,CAFE,Surprise,surprise_F-SA-04,0.46,0
Live,CAFE,Surprise,surprise_F-SA-06,0.87,1
Online,CAFE,Surprise,surprise_F-SA-06,0.6875,1
Live,CAFE,Surprise,surprise_F-SA-07,0.72,1
Online,CAFE,Surprise,surprise_F-SA-07,0.555555556,1
Live,CAFE,Surprise,surprise_F-SA-08,0.49,0
Live,CAFE,Surprise,surprise_F-SA-09,0.9,1
Online,CAFE,Surprise,surprise_F-SA-09,0.5,1
Live,CAFE,Surprise,surprise_F-SA-10,0.81,0
Live,CAFE,Surprise,surprise_M-AA-03,0.8,0
Live,CAFE,Surprise,surprise_M-AA-05,0.85,1
Online,CAFE,Surprise,surprise_M-AA-05,1,1
Live,CAFE,Surprise,surprise_M-AA-06,0.71,1
Online,CAFE,Surprise,surprise_M-AA-06,0.714285714,1
Live,CAFE,Surprise,surprise_M-AA-07,0.85,1
Online,CAFE,Surprise,surprise_M-AA-07,1,1
Live,CAFE,Surprise,surprise_M-AA-08,0.57,1
Online,CAFE,Surprise,surprise_M-AA-08,0.3,1
Live,CAFE,Surprise,surprise_M-AA-09,0.8,0
Live,CAFE,Surprise,surprise_M-AS-02,0.79,0
Live,CAFE,Surprise,surprise_M-AS-04,0.79,1
Online,CAFE,Surprise,surprise_M-AS-04,0.909090909,1
Live,CAFE,Surprise,surprise_M-AS-06,0.72,1
Online,CAFE,Surprise,surprise_M-AS-06,0.75,1
Live,CAFE,Surprise,surprise_M-AS-07,0.62,1
Online,CAFE,Surprise,surprise_M-AS-07,0.6875,1
Live,CAFE,Surprise,surprise_M-EA-02,0.78,1
Online,CAFE,Surprise,surprise_M-EA-02,0.833333333,1
Live,CAFE,Surprise,surprise_M-EA-06,0.75,1
Online,CAFE,Surprise,surprise_M-EA-06,0.666666667,1
Live,CAFE,Surprise,surprise_M-EA-06b-2,0.71,1
Online,CAFE,Surprise,surprise_M-EA-06b-2,0.7,1
Live,CAFE,Surprise,surprise_M-EA-07,0.66,1
Online,CAFE,Surprise,surprise_M-EA-07,0.636363636,1
Live,CAFE,Surprise,surprise_M-EA-08,0.91,1
Online,CAFE,Surprise,surprise_M-EA-08,0.833333333,1
Live,CAFE,Surprise,surprise_M-EA-10,0.82,0
Live,CAFE,Surprise,surprise_M-EA-12,0.83,0
Live,CAFE,Surprise,surprise_M-EA-16,0.79,0
Live,CAFE,Surprise,surprise_M-EA-18,0.86,1
Online,CAFE,Surprise,surprise_M-EA-18,0.888888889,1
Live,CAFE,Surprise,surprise_M-EA-20,0.55,0
Live,CAFE,Surprise,surprise_M-EA-21,0.95,1
Online,CAFE,Surprise,surprise_M-EA-21,0.818181818,1
Live,CAFE,Surprise,surprise_M-EA-24,0.53,0
Live,CAFE,Surprise,surprise_M-EA-25,0.67,0
Live,CAFE,Surprise,surprise_M-EA-26,0.82,0
Live,CAFE,Surprise,surprise_M-EA-27,0.86,1
Online,CAFE,Surprise,surprise_M-EA-27,0.6875,1
Live,CAFE,Surprise,surprise_M-EA-28,0.89,1
Online,CAFE,Surprise,surprise_M-EA-28,1,1
Live,CAFE,Surprise,surprise_M-EA-29,0.65,1
Online,CAFE,Surprise,surprise_M-EA-29,1,1
Live,CAFE,Surprise,surprise_M-EA-32,0.68,0
Live,CAFE,Surprise,surprise_M-EA-34,0.52,0
Live,CAFE,Surprise,surprise_M-EA-35,0.93,1
Online,CAFE,Surprise,surprise_M-EA-35,1,1
Live,CAFE,Surprise,surprise_M-EA-36,0.59,0
Live,CAFE,Surprise,surprise_M-EA-38,0.64,1
Online,CAFE,Surprise,surprise_M-EA-38,0.833333333,1
Live,CAFE,Surprise,surprise_M-LA-02,0.61,1
Online,CAFE,Surprise,surprise_M-LA-02,0.666666667,1
Live,CAFE,Surprise,surprise_M-LA-04,0.68,0
Live,CAFE,Surprise,surprise_M-LA-06,0.81,0
Live,CAFE,Surprise,surprise_M-LA-07,0.84,1
Online,CAFE,Surprise,surprise_M-LA-07,1,1
Live,CAFE,Surprise,surprise_M-LA-08,0.83,0
Live,CAFE,Surprise,surprise_M-LA-09,0.72,1
Online,CAFE,Surprise,surprise_M-LA-09,0.666666667,1
Live,CAFE,Surprise,surprise_M-LA-10,0.62,1
Online,CAFE,Surprise,surprise_M-LA-10,0.333333333,1
Online,Google,Surprise,surprise1,1,0
Online,Google,Surprise,surprise10,0.875,0
Online,Google,Surprise,surprise11,0.9375,0
Online,Google,Surprise,surprise12,0.857142857,0
Online,Google,Surprise,surprise13,0.7,0
Online,Google,Surprise,surprise14,0.8,0
Online,Google,Surprise,surprise16,0.888888889,0
Online,Google,Surprise,surprise17,0.857142857,0
Online,Google,Surprise,surprise2,0.777777778,0
Online,Google,Surprise,surprise20,0.833333333,0
Online,Google,Surprise,surprise21,0.666666667,0
Online,Google,Surprise,surprise22,0.571428571,0
Online,Google,Surprise,surprise23,0.777777778,0
Online,Google,Surprise,surprise27,0.333333333,0
Online,Google,Surprise,surprise28,0.444444444,0
Online,Google,Surprise,surprise29,0.7,0
Online,Google,Surprise,surprise3,0.888888889,0
Online,Google,Surprise,surprise30,1,0
Online,Google,Surprise,surprise31,0.818181818,0
Online,Google,Surprise,surprise32,0.875,0
Online,Google,Surprise,surprise33,1,0
Online,Google,Surprise,surprise34,0.777777778,0
Online,Google,Surprise,surprise36,0.714285714,0
Online,Google,Surprise,surprise38,0.714285714,0
Online,Google,Surprise,surprise39,1,0
Online,Google,Surprise,surprise4,0.8125,0
Online,Google,Surprise,surprise40,1,0
Online,Google,Surprise,surprise43,0.833333333,0
Online,Google,Surprise,surprise44,0.454545455,0
Online,Google,Surprise,surprise45,0.875,0
Online,Google,Surprise,surprise46,0.375,0
Online,Google,Surprise,surprise48,0.571428571,0
Online,Google,Surprise,surprise49,0.333333333,0
Online,Google,Surprise,surprise51,0.090909091,0
Online,Google,Surprise,surprise52,1,0
Online,Google,Surprise,surprise54,0.625,0
Online,Google,Surprise,surprise55,1,0
Online,Google,Surprise,surprise56,0.375,0
Online,Google,Surprise,surprise58,0.5,0
Online,Google,Surprise,surprise59,0.875,0
Online,Google,Surprise,surprise6,0.9,0
Online,Google,Surprise,surprise60,0.4,0
Online,Google,Surprise,surprise63,0.714285714,0
Online,Google,Surprise,surprise64,0.666666667,0
Online,Google,Surprise,surprise65,0.636363636,0
Online,Google,Surprise,surprise68,0.222222222,0
Online,Google,Surprise,surprise70,0.833333333,0
Online,Google,Surprise,surprise71,0.875,0
Online,Google,Surprise,surprise72,1,0
Online,Google,Surprise,surprise73,0.777777778,0
Online,Google,Surprise,surprise74,0.857142857,0
Online,Google,Surprise,surprise75,0.727272727,0
Online,Google,Surprise,surprise76,0.888888889,0
Online,Google,Surprise,surprise77,1,0
Online,Google,Surprise,surprise78,1,0
Online,Google,Surprise,surprise79,1,0
Online,Google,Surprise,surprise81,0.6,0
Online,Google,Surprise,surprise82,0.666666667,0
Online,Google,Surprise,surprise83,0.7,0
Online,Google,Surprise,surprise84,0.5,0
Online,Google,Surprise,surprise85,0.666666667,0
Online,Google,Surprise,surprise86,0.8125,0
Online,Google,Surprise,surprise87,0.875,0
Online,Google,Surprise,surprise88,1,0
Online,Google,Surprise,surprise89,1,0
Online,Google,Surprise,surprise9,1,0
Online,Google,Surprise,surprise90,0.888888889,0